Id,LotArea,LotFrontage,YearBuilt,1stFlrSF,2ndFlrSF,YearRemodAdd,TotRmsAbvGrd,KitchenAbvGr,BedroomAbvGr,GarageCars,GarageArea,price
1,8450,65.0,2003,856,854,2003,8,1,3,2,548,12.24769911637256
2,9600,80.0,1976,1262,0,1976,6,1,3,2,460,12.109016442313738
3,11250,68.0,2001,920,866,2002,6,1,3,2,608,12.317171167298682
4,9550,60.0,1915,961,756,1970,7,1,3,3,642,11.849404844423074
5,14260,84.0,2000,1145,1053,2000,9,1,4,3,836,12.429220196836383
6,14115,85.0,1993,796,566,1995,5,1,1,2,480,11.870606902224587
7,10084,75.0,2004,1694,0,2005,7,1,3,2,636,12.634606283893019
8,10382,,1973,1107,983,1973,7,1,3,2,484,12.206077645517674
9,6120,51.0,1931,1022,752,1950,8,2,2,2,468,11.774527900858468
10,7420,50.0,1939,1077,0,1950,5,2,2,1,205,11.678448377988165
11,11200,70.0,1965,1040,0,1965,5,1,3,1,384,11.771443882099637
12,11924,85.0,2005,1182,1142,2006,11,1,4,3,736,12.75130259456002
13,12968,,1962,912,0,1962,4,1,2,1,352,11.87757552297847
14,10652,91.0,2006,1494,0,2007,7,1,3,3,840,12.540761149388421
15,10920,,1960,1253,0,1960,5,1,2,1,352,11.964007453736912
16,6120,51.0,1929,854,0,2001,5,1,2,2,576,11.790564777297387
17,11241,,1970,1004,0,1970,5,1,2,2,480,11.91170829631447
18,10791,72.0,1967,1296,0,1967,6,2,2,2,516,11.407576060361786
19,13695,66.0,2004,1114,0,2004,6,1,3,2,576,11.976665770490767
20,7560,70.0,1958,1339,0,1965,6,1,3,1,294,11.842236406331555
21,14215,101.0,2005,1158,1218,2006,9,1,4,3,853,12.692506186542177
22,7449,57.0,1930,1108,0,1950,6,1,3,1,280,11.845109950883979
23,9742,75.0,2002,1795,0,2002,7,1,3,2,534,12.345838935721968
24,4224,44.0,1976,1060,0,1976,6,1,3,2,572,11.774527900858468
25,8246,,1968,1060,0,2001,6,1,3,1,270,11.944714374881176
26,14230,110.0,2007,1600,0,2007,7,1,3,3,890,12.454107814022272
27,7200,60.0,1951,900,0,2000,5,1,3,2,576,11.811554895830454
28,11478,98.0,2007,1704,0,2008,7,1,3,3,772,12.631343648903034
29,16321,47.0,1957,1600,0,1997,6,1,2,1,319,12.242891437918386
30,6324,60.0,1927,520,0,1950,4,1,1,1,240,11.134603622683905
31,8500,50.0,1920,649,668,1950,6,1,3,1,250,10.596659732783579
32,8544,,1966,1228,0,2006,6,1,3,1,271,11.914054519303125
33,11049,85.0,2007,1234,0,2007,7,1,3,2,484,12.100161978566867
34,10552,70.0,1959,1700,0,1959,6,1,4,2,447,12.016732516077072
35,7313,60.0,2005,1561,0,2005,6,1,2,2,556,12.533579815765737
36,13418,108.0,2004,1132,1320,2005,9,1,4,3,691,12.6410997921206
37,10859,112.0,1994,1097,0,1995,6,1,3,2,672,11.884495917930655
38,8532,74.0,1954,1297,0,1990,5,1,3,2,498,11.938199736300925
39,7922,68.0,1953,1057,0,2007,5,1,3,1,246,11.599112335481124
40,6040,65.0,1955,1152,0,1955,6,2,2,0,0,11.314486721293981
41,8658,84.0,1965,1324,0,1965,6,1,3,2,440,11.982935344196433
42,16905,115.0,1959,1328,0,1959,5,1,2,1,308,12.04355959836804
43,9180,,1983,884,0,1983,5,1,2,2,504,11.87757552297847
44,9200,,1975,938,0,1980,5,1,3,1,308,11.777218637129327
45,7945,70.0,1959,1150,0,1959,6,1,3,1,300,11.856522261533737
46,7658,61.0,2005,1752,0,2005,6,1,2,2,576,12.675766851909591
47,12822,48.0,2003,1518,631,2003,6,1,1,2,670,12.387089184491993
48,11096,84.0,2006,1656,0,2006,7,1,3,3,826,12.428019481065613
49,4456,33.0,1920,736,716,2008,8,3,2,0,0,11.635151947212842
50,7742,66.0,1966,955,0,1966,6,1,3,1,386,11.751950239425476
51,13869,,1997,794,676,1997,6,1,3,2,388,12.083910661257521
52,6240,52.0,1934,816,0,1950,6,1,3,2,528,11.648338835562747
53,8472,110.0,1963,816,0,1963,5,1,2,2,516,11.608244735642321
54,50271,68.0,1981,1842,0,1987,5,1,0,3,894,12.861001210669146
55,7134,60.0,1955,1360,0,1955,6,1,3,2,572,11.775297421715827
56,10175,100.0,1964,1425,0,1964,7,1,3,2,576,12.103491596905931
57,2645,24.0,1999,983,756,2000,7,1,3,2,480,12.058158312538197
58,11645,89.0,2004,860,860,2004,7,1,3,2,565,12.188422799337028
59,13682,66.0,2006,1426,1519,2006,10,1,3,3,641,12.991755706536901
60,7200,60.0,1972,780,0,1972,4,1,2,1,352,11.735276702486741
61,13072,63.0,2004,1158,0,2004,5,1,3,2,576,11.970356641102999
62,7200,60.0,1920,581,530,1996,6,1,3,1,288,11.522885696764481
63,6442,44.0,2006,1370,0,2006,6,1,2,2,484,12.218500103788143
64,10300,50.0,1921,902,808,1950,9,1,3,2,480,11.849404844423074
65,9375,,1997,1057,977,1998,8,1,3,2,645,12.299112067295642
66,9591,76.0,2004,1143,1330,2005,9,1,4,3,852,12.666660207428574
67,19900,,1970,2207,0,1989,7,1,3,2,576,12.100717685412471
68,10665,72.0,2003,1479,0,2003,7,1,3,2,558,12.328294703023394
69,4608,47.0,1945,747,0,1950,4,1,2,1,220,11.289794413577894
70,15593,81.0,1953,1304,983,1953,7,1,3,2,667,12.323860125621126
71,13651,95.0,1973,2223,0,1973,8,1,3,2,516,12.404927602627597
72,7599,69.0,1982,845,0,2006,4,1,2,2,360,11.771443882099637
73,10141,74.0,1998,885,833,1998,7,1,3,2,427,12.128116509451258
74,10200,85.0,1954,1086,0,2003,6,1,3,2,490,11.88380602959621
75,5790,60.0,1915,840,765,1950,8,2,3,1,379,11.58432477200052
76,1596,21.0,1973,526,462,1973,5,1,2,1,297,11.418625774449596
77,8475,,1956,952,0,1956,4,1,2,1,283,11.818577604251555
78,8635,50.0,1948,1072,213,2001,6,1,2,1,240,11.751950239425476
79,10778,72.0,1968,1768,0,1968,8,2,4,0,0,11.824087219587643
80,10440,60.0,1910,682,548,1981,5,1,2,2,440,11.608244735642321
81,13000,100.0,1968,1182,960,1968,8,1,4,1,509,12.173037959397275
82,4500,32.0,1998,1337,0,1998,5,1,2,2,405,11.941462360646149
83,10206,78.0,2007,1563,0,2007,6,1,3,3,758,12.409017571151187
84,8892,80.0,1960,1065,0,1960,6,1,3,2,461,11.748005492256807
85,8530,,1995,804,670,1996,7,1,3,2,400,12.034696963475044
86,16059,121.0,1991,1301,1116,1992,9,1,4,2,462,12.468440756144114
87,11911,122.0,2005,684,876,2005,6,1,3,2,400,12.066816325306588
88,3951,40.0,2009,612,612,2009,4,1,2,2,528,12.010671928196443
89,8470,105.0,1915,1013,0,1982,6,1,2,0,0,11.350418300109132
90,8070,60.0,1994,990,0,1995,5,1,3,0,0,11.724813914587886
91,7200,60.0,1950,1040,0,1950,4,1,2,2,420,11.60733523953139
92,8500,85.0,1961,1235,0,1961,6,1,2,2,480,11.498836682527127
93,13360,80.0,1921,964,0,2006,5,1,2,2,432,12.004574385508691
94,7200,60.0,1910,1260,1031,1998,9,2,4,2,506,11.804855999911272
95,9337,69.0,1997,905,881,1997,7,1,3,2,684,12.229549885708273
96,9765,,1993,680,790,1993,6,1,3,2,420,12.128116509451258
97,10264,78.0,1999,1588,0,1999,6,1,3,2,472,12.273735966890268
98,10921,73.0,1965,960,0,1965,6,1,3,1,432,11.459007676978688
99,10625,85.0,1920,835,0,1950,5,1,2,1,366,11.326607934898927
100,9320,77.0,1959,1225,0,1959,6,1,3,0,0,11.767187766223199
101,10603,,1977,1610,0,2001,6,1,3,2,480,12.230770136157428
102,9206,77.0,1985,977,755,1985,7,1,3,2,476,12.08954444723597
103,7018,64.0,1979,1535,0,1979,8,2,4,2,410,11.68658461118553
104,10402,94.0,2009,1226,0,2009,6,1,3,3,740,12.200562492481511
105,7758,,1931,1226,592,1950,7,1,4,1,240,12.040614105490253
106,9375,75.0,2003,1053,939,2004,9,1,3,2,648,12.429220196836383
107,10800,60.0,1885,1047,0,1995,6,1,2,1,273,11.51293546492023
108,6000,50.0,1948,789,0,1950,5,1,2,1,250,11.652696102959753
109,8500,85.0,1919,997,520,2005,7,1,3,0,0,11.652696102959753
110,11751,105.0,1977,1844,0,1977,7,1,3,2,546,12.154784614286667
111,9525,75.0,1954,1216,639,1972,7,1,4,1,325,11.827013315851762
112,7750,,2000,774,656,2000,7,1,3,2,400,12.100717685412471
113,9965,77.0,2007,1282,1414,2007,10,1,4,3,792,12.85832230788469
114,21000,,1953,2259,0,1953,7,1,3,2,450,12.28765724080691
115,7259,61.0,1945,1436,884,2002,9,1,3,1,180,12.466515835145202
116,3230,34.0,1999,729,729,1999,5,1,2,2,440,12.07824495582233
117,11616,,1962,1092,0,1962,6,1,3,1,288,11.842236406331555
118,8536,74.0,2006,1125,0,2007,5,1,2,2,430,11.951186847493476
119,12376,90.0,1990,1699,1523,1990,11,1,5,3,594,12.676079399771027
120,8461,65.0,2005,728,728,2006,8,1,3,2,390,12.0075668272517
121,21453,,1969,988,0,1969,4,1,1,2,540,12.100717685412471
122,6060,50.0,1939,772,351,1950,4,1,3,1,264,11.51293546492023
123,9464,75.0,1958,1080,0,1958,5,1,3,1,288,11.820417517632333
124,7892,55.0,1993,1199,0,1993,5,1,2,2,530,11.944064817531656
125,17043,48.0,1979,1586,0,1998,7,1,3,2,435,12.10625783509458
126,6780,60.0,1935,520,0,1982,5,1,2,0,0,11.344518647594766
127,4928,,1976,958,0,1976,5,1,2,2,440,11.759793355371237
128,4388,55.0,1930,840,0,1950,5,1,3,0,0,11.373674891823535
129,7590,69.0,1966,660,688,1966,6,1,3,2,453,11.951186847493476
130,8973,69.0,1958,1053,0,1991,6,1,3,2,750,11.918397239722838
131,14200,88.0,1966,1216,941,1966,8,1,4,2,487,12.328294703023394
132,12224,,2000,1022,1032,2000,7,1,3,2,390,12.404927602627597
133,7388,75.0,1959,1327,0,2002,7,1,3,2,624,11.923384748066601
134,6853,,2001,1296,0,2002,6,1,2,2,471,12.301387370778713
135,10335,78.0,1968,1721,0,1993,7,1,3,2,440,12.100717685412471
136,10400,80.0,1970,1682,0,1970,7,1,3,2,530,12.066816325306588
137,10355,,1967,1214,0,1967,5,1,3,1,318,11.870606902224587
138,11070,82.0,1988,1959,0,1989,9,2,5,3,766,12.049424683420915
139,9066,73.0,1999,1004,848,2000,7,1,3,3,660,12.345838935721968
140,15426,65.0,1997,928,836,1997,7,1,3,2,470,12.352339472153524
141,10500,70.0,1971,864,0,1971,5,1,3,0,0,11.652696102959753
142,11645,78.0,2005,1734,0,2005,7,1,3,2,660,12.468440756144114
143,8520,71.0,1952,910,475,1952,6,1,4,2,720,12.019749091416921
144,10335,78.0,1999,1501,0,1999,6,1,3,2,577,12.225880174775122
145,9100,70.0,1963,1728,0,1963,10,2,6,2,504,11.736077016252437
146,2522,24.0,2004,970,739,2006,7,1,3,2,380,11.775297421715827
147,6120,51.0,1931,875,0,1993,5,1,2,1,180,11.561725152903833
148,9505,,2001,884,1151,2001,8,1,3,2,434,12.312686874960354
149,7500,63.0,2004,1080,0,2005,6,1,3,0,0,11.856522261533737
150,6240,,1936,896,448,1950,7,1,3,1,240,11.652696102959753
151,10356,120.0,1975,969,0,1975,5,1,3,2,440,11.711784520403112
152,13891,107.0,2007,1710,0,2008,6,1,2,3,866,12.827731880206521
153,14803,,1971,1097,896,1971,8,1,4,2,495,12.154784614286667
154,13500,,1960,1252,0,1975,4,1,1,2,564,12.367345048436391
155,11340,84.0,1923,1200,0,1950,7,1,4,1,312,11.736077016252437
156,9600,60.0,1924,572,524,1950,5,1,2,0,0,11.277215789596893
157,7200,60.0,1950,1040,0,1950,5,1,2,2,625,11.603688960617083
158,12003,92.0,2009,774,1194,2010,8,1,4,3,680,12.504327379899443
159,12552,100.0,2004,991,956,2005,8,1,3,2,678,12.448630513463613
160,19378,134.0,2005,1392,1070,2006,9,1,4,2,576,12.676079399771027
161,11120,,1984,1232,0,1984,6,1,3,2,516,11.998439434579149
162,13688,110.0,2003,1572,1096,2004,10,1,3,3,726,12.929993908996359
163,12182,95.0,2005,1541,0,2005,7,1,3,2,532,12.301387370778713
164,5500,55.0,1956,882,0,1956,4,1,1,0,0,11.544433821905134
165,5400,40.0,1926,1149,467,2004,5,1,3,1,216,11.931642378754141
166,10106,62.0,1940,808,547,1999,6,2,4,0,0,11.755879486687116
167,10708,,1955,1867,0,1993,7,1,2,1,303,12.154784614286667
168,10562,86.0,2007,1610,551,2007,8,1,3,3,789,12.693501691489768
169,8244,62.0,2004,840,880,2004,7,1,3,2,440,12.119975396053194
170,16669,,1981,1707,0,1981,6,1,2,2,511,12.337105293891872
171,12358,,1941,854,0,1950,7,1,2,2,660,11.763691965388299
172,31770,141.0,1960,1656,0,1960,7,1,3,2,528,12.278397958261774
173,5306,44.0,1987,1064,703,1987,5,1,2,2,504,12.384223015005313
174,10197,80.0,1961,1362,0,1961,6,1,3,2,504,12.001511614739405
175,12416,47.0,1986,1651,0,1986,7,1,3,2,616,12.122696471358964
176,12615,84.0,1950,2158,0,2001,7,1,4,2,576,12.400820837540556
177,10029,97.0,1988,1164,896,1989,8,1,4,2,521,12.259618151783465
178,13650,,1958,1252,668,1958,8,1,4,2,451,12.058158312538197
179,17423,63.0,2008,2234,0,2009,9,1,1,3,1166,13.126032637428713
180,8520,60.0,1923,968,0,2006,5,1,2,2,480,11.51293546492023
181,2117,,2000,769,756,2000,5,1,3,2,440,12.083910661257521
182,7588,54.0,1920,901,901,1950,9,1,4,1,216,12.206577518060588
183,9060,60.0,1957,1340,0,2006,7,1,3,1,252,11.695255355062795
184,11426,63.0,2003,1362,720,2003,6,1,3,2,484,12.206077645517674
185,7438,92.0,1908,936,316,1991,5,1,3,2,576,11.751950239425476
186,22950,90.0,1892,1518,1518,1993,12,1,4,3,840,13.07107218827772
187,9947,,1990,1217,0,1991,6,1,3,2,497,12.06105265381003
188,10410,60.0,1916,808,704,1987,8,1,3,1,180,11.813037464800539
189,7018,64.0,1979,1224,0,1979,6,2,2,2,528,11.940399914116648
190,4923,41.0,2001,1593,0,2002,5,1,0,2,682,12.563750586299374
191,10570,70.0,1932,1549,1178,1994,10,1,3,2,440,12.660331092405906
192,7472,,1972,725,754,2004,7,1,4,2,484,12.122696471358964
193,9017,68.0,1999,1431,0,1999,6,1,3,2,666,12.165255859329688
194,2522,24.0,2004,970,739,2004,7,1,3,2,380,11.775297421715827
195,7180,60.0,1972,864,0,1972,5,1,3,1,352,11.751950239425476
196,2280,24.0,1976,855,601,1976,7,1,3,2,440,11.908346971208951
197,9416,79.0,2007,1726,0,2007,8,1,3,3,786,12.650351332641707
198,25419,174.0,1918,1360,1360,1990,8,1,4,2,795,12.367345048436391
199,5520,92.0,1912,929,929,1950,8,1,5,0,0,11.552155793461898
200,9591,76.0,2004,1713,0,2005,7,1,3,3,856,12.524166311833152
201,8546,80.0,2003,1121,0,2004,5,1,2,2,440,11.849404844423074
202,10125,75.0,1977,1279,0,1977,6,1,3,2,473,12.052344376474922
203,7000,50.0,1924,865,445,1950,6,1,2,1,398,11.626263078808801
204,4438,,2004,848,0,2004,3,1,1,2,420,11.91170829631447
205,3500,50.0,1947,720,564,1950,5,1,2,1,240,11.608244735642321
206,11851,99.0,1990,1442,0,1990,5,1,3,2,500,12.103491596905931
207,13673,40.0,1962,1696,0,1962,8,1,3,1,349,11.87688084212164
208,12493,,1960,1100,0,1960,6,1,3,1,312,11.856522261533737
209,14364,,1988,1180,882,1989,7,1,3,2,454,12.531776395271262
210,8250,75.0,1964,1092,0,1964,6,1,3,2,504,11.884495917930655
211,5604,67.0,1925,864,0,1950,5,1,2,0,0,11.49273296168228
212,10420,83.0,2009,1212,0,2009,6,1,3,2,460,12.133507329024972
213,8640,72.0,2009,932,920,2009,7,1,3,2,644,12.439875187430008
214,13568,43.0,1995,990,0,1995,5,1,3,2,576,11.957617696467539
215,10900,,1977,689,703,1977,6,1,3,1,299,11.993813394724253
216,10011,72.0,1957,1236,0,1996,6,1,2,1,447,11.808955099378537
217,8450,65.0,2004,1436,0,2004,8,1,3,2,484,12.25486757159303
218,9906,57.0,1925,810,518,1950,8,1,3,1,210,11.580593459194764
219,15660,,1939,1137,817,2006,8,1,3,2,431,12.649157827477366
220,3010,43.0,2005,1248,0,2006,5,1,2,2,438,12.027191164883384
221,8990,73.0,2006,1498,0,2006,5,1,2,2,675,12.230282214644559
222,8068,,2002,1010,1257,2002,8,1,4,2,390,12.206077645517674
223,11475,85.0,1975,811,741,1975,6,1,3,2,434,12.100161978566867
224,10500,70.0,1971,864,0,1971,4,1,2,2,576,11.48247656671073
225,13472,103.0,2003,2392,0,2003,8,1,3,3,968,12.864242696187505
226,1680,21.0,1971,630,672,1971,6,1,3,1,280,11.626263078808801
227,9950,82.0,1995,1214,1306,1995,9,1,4,3,721,12.577639650232573
228,1869,21.0,1970,483,504,1970,5,1,2,1,280,11.571203807011969
229,8521,70.0,1967,912,0,1967,5,1,3,1,336,11.736077016252437
230,3182,43.0,2005,1555,0,2006,7,1,2,2,430,12.167856627501678
231,8760,73.0,1959,1194,0,1959,6,1,3,1,312,11.904974309480183
232,15138,174.0,1995,1490,1304,1996,9,1,4,3,810,12.90669432231532
233,1680,21.0,1972,483,504,1972,5,1,2,1,288,11.456365695436427
234,10650,75.0,1976,894,0,1976,5,1,3,1,308,11.761354623750297
235,7851,,2002,860,1100,2002,8,1,4,2,440,12.285350445351659
236,1680,21.0,1971,483,504,1971,5,1,2,1,264,11.402005077384885
237,8773,65.0,2004,1414,0,2004,6,1,3,2,494,12.130815551850676
238,9453,,1993,1014,730,2003,7,1,3,2,457,12.178192583415596
239,12030,93.0,2007,1694,0,2007,7,1,3,3,818,12.669809806411457
240,8741,52.0,1945,798,689,1950,7,1,3,1,220,11.635151947212842
241,9000,75.0,2008,1566,0,2008,7,1,3,2,750,12.47801017053037
242,3880,40.0,1945,866,0,1997,4,1,2,0,0,11.612779849672751
243,5000,63.0,1900,889,551,1950,6,1,3,1,352,11.277215789596893
244,10762,75.0,1980,626,591,1980,6,1,3,1,288,11.695255355062795
245,8880,,1994,1222,888,2002,8,1,3,2,463,12.230770136157428
246,10400,80.0,1988,1872,0,1988,6,1,3,2,604,12.394628892852941
247,9142,69.0,1910,908,1020,1950,9,2,4,1,440,11.827743504053695
248,11310,75.0,1954,1375,0,1954,5,1,2,2,451,11.849404844423074
249,11317,72.0,2003,840,828,2003,8,1,3,2,500,12.100717685412471
250,159000,,1958,1444,700,2006,7,1,4,2,389,12.531776395271262
251,5350,55.0,1940,1306,0,1966,6,1,3,0,0,11.245059091624615
252,4750,44.0,2006,1625,0,2007,5,1,2,2,538,12.367345048436391
253,8366,65.0,2004,798,842,2004,6,1,3,2,520,12.06105265381003
254,9350,85.0,1964,1302,0,1991,7,1,3,1,309,11.970356641102999
255,8400,70.0,1957,1314,0,1957,5,1,3,1,294,11.884495917930655
256,8738,66.0,1999,1005,1286,1999,8,1,4,2,429,12.345838935721968
257,8791,64.0,2003,864,864,2003,7,1,3,2,673,12.242891437918386
258,8814,68.0,2006,1604,0,2006,8,1,3,2,660,12.301387370778713
259,12435,80.0,2001,963,829,2001,7,1,3,2,564,12.352339472153524
260,12702,70.0,1956,882,0,1956,4,1,2,1,308,11.48247656671073
261,19296,120.0,1962,1382,0,1962,6,1,3,2,884,12.07824495582233
262,9588,69.0,2007,1482,1092,2007,10,1,3,3,868,12.52815976788113
263,8471,88.0,1977,1212,0,1995,6,1,3,2,492,11.92504173829169
264,5500,50.0,1929,926,0,2001,6,1,3,2,484,11.775297421715827
265,5232,30.0,1925,764,0,2004,4,1,2,2,504,11.19822841866684
266,12090,78.0,1981,1422,0,1981,7,1,3,2,576,12.075400019877522
267,11207,70.0,1997,802,709,1997,8,1,3,2,413,12.128116509451258
268,8400,60.0,1939,1052,720,1997,8,1,4,1,240,12.097936057925594
269,6900,71.0,1940,778,0,1955,4,1,2,1,924,11.699413330633599
270,7917,,1976,1113,0,1976,6,1,3,1,504,11.904974309480183
271,10728,84.0,2006,1095,844,2006,8,1,3,3,1053,12.491255347155265
272,39104,73.0,1954,1363,0,2005,5,1,2,2,439,12.394628892852941
273,11764,92.0,1999,1164,1106,2007,9,1,4,3,671,12.577639650232573
274,9600,80.0,1958,1632,0,1988,6,1,3,1,338,11.842236406331555
275,8314,76.0,1982,816,0,1982,5,1,2,1,264,11.732069026983156
276,7264,55.0,1925,952,596,2007,5,1,3,2,672,12.230770136157428
277,9196,129.0,2003,1560,0,2003,7,1,3,2,573,12.211065162153215
278,19138,140.0,1951,864,0,1951,4,1,2,2,400,11.856522261533737
279,14450,107.0,2006,2121,0,2007,8,1,3,3,732,12.936754021718041
280,10005,83.0,1977,1156,866,1977,8,1,4,2,505,12.165255859329688
281,11287,82.0,1989,1175,807,1989,7,1,3,2,575,12.339295865674435
282,7200,60.0,2006,1262,0,2006,5,1,2,2,572,12.128116509451258
283,5063,34.0,2007,1314,0,2008,6,1,2,2,626,12.242891437918386
284,9612,74.0,2008,1468,0,2009,6,1,3,3,898,12.407383590534293
285,8012,50.0,1992,1575,0,1992,5,1,2,2,529,12.09626335986454
286,4251,35.0,2006,625,625,2007,5,1,2,2,528,12.011886987792716
287,9786,77.0,1962,1085,649,1981,7,1,3,2,440,11.976665770490767
288,8125,,1971,858,0,1971,5,1,3,0,0,11.385103457032141
289,9819,,1967,900,0,1967,5,1,3,1,280,11.711784520403112
290,8730,60.0,1915,698,698,2003,7,1,3,1,384,11.941950837487406
291,15611,120.0,2006,1079,840,2006,8,1,3,2,685,12.359784657728284
292,5687,55.0,1912,936,780,2000,9,1,6,0,0,11.819681958463892
293,11409,60.0,1949,1148,568,2008,8,1,3,1,281,11.782960235741939
294,16659,,1977,1468,795,1994,9,1,3,2,539,12.367345048436391
295,9600,80.0,1953,1644,0,1953,7,1,3,2,418,12.025755079404917
296,7937,37.0,1984,1003,0,1984,6,1,3,2,588,11.86710429621008
297,13710,75.0,1950,910,648,1950,6,1,4,1,282,11.931642378754141
298,7399,66.0,1997,975,975,1998,7,1,3,2,576,12.384223015005313
299,11700,90.0,1968,1041,702,1968,7,1,3,2,539,12.07254696717504
300,14000,80.0,1950,1152,0,2004,6,1,3,1,300,11.973516181427835
301,15750,90.0,1953,1336,0,1953,5,1,2,1,375,11.964007453736912
302,16226,66.0,1998,1210,1242,1999,9,1,4,2,683,12.495007682693725
303,13704,118.0,2001,1541,0,2002,6,1,3,3,843,12.230770136157428
304,9800,70.0,1972,894,0,1972,5,1,3,2,552,11.917730355182513
305,18386,87.0,1880,1675,1818,2002,10,1,3,3,870,12.59473402514672
306,10386,80.0,2004,2000,0,2005,8,1,3,3,888,12.631016799175821
307,13474,116.0,1990,1122,1121,1991,8,1,4,3,746,12.323860125621126
308,7920,,1920,1035,371,1950,6,1,3,0,0,11.402005077384885
309,12342,,1940,861,0,1950,4,1,1,2,539,11.320565693461432
310,12378,90.0,2003,1944,0,2004,8,1,3,3,708,12.793862088206213
311,7685,,1993,697,804,1994,6,1,3,2,420,12.017336559562407
312,8000,50.0,1948,972,0,2002,5,1,2,1,240,11.790564777297387
313,7800,65.0,1939,793,325,1950,5,1,3,2,410,11.694421681264394
314,215245,150.0,1965,2036,0,1965,8,1,3,2,513,12.834683971615659
315,9600,60.0,1925,832,809,1990,6,1,3,2,546,12.08954444723597
316,7795,71.0,2004,716,716,2005,6,1,3,2,432,12.146858590895919
317,13005,94.0,1980,1153,1200,1980,10,1,4,2,484,12.468440756144114
318,9000,75.0,2006,1088,871,2006,8,1,3,3,1025,12.506180941677357
319,9900,90.0,1993,1372,1274,1993,9,1,4,3,656,12.468440756144114
320,14115,,1980,1472,0,1980,6,1,3,2,588,12.141539457711714
321,16259,111.0,2006,1249,1347,2006,9,1,4,3,840,12.74444728628135
322,12099,99.0,2004,1136,1332,2004,10,1,4,3,872,12.777055016970678
323,10380,86.0,1986,1553,1177,1987,8,1,4,2,576,12.614868865984631
324,5820,49.0,1955,1163,0,2005,6,1,3,1,220,11.745433036677353
325,11275,96.0,1967,1898,1080,2007,11,1,5,2,564,12.396697137361691
326,5000,50.0,1941,803,0,1950,5,1,2,2,360,11.373674891823535
327,10846,32.0,1993,1719,0,1993,6,1,1,2,473,12.688501881189456
328,11600,80.0,1960,1383,0,1960,7,1,3,1,292,11.886218559372042
329,11888,,1916,1445,689,1994,10,1,5,2,441,12.276069679344003
330,6402,60.0,1920,596,596,1950,6,1,3,1,189,11.264476926102367
331,10624,,1964,1728,0,1964,10,2,6,1,352,11.686887175419702
332,8176,70.0,1958,1056,0,1992,6,1,3,1,308,11.842236406331555
333,10655,85.0,2003,1629,0,2004,7,1,3,3,880,12.556733038263905
334,8198,59.0,2004,1358,0,2004,6,1,2,2,484,12.240478903153711
335,9042,59.0,1998,943,695,1998,7,1,3,2,472,12.165255859329688
336,164660,,1965,1619,167,1965,7,1,3,2,529,12.34126328584159
337,14157,86.0,2005,1922,0,2006,8,1,3,3,676,12.841132451487937
338,9135,70.0,2002,1536,0,2003,7,1,3,2,532,12.273735966890268
339,14145,91.0,1984,1621,0,1998,8,1,3,2,440,12.218500103788143
340,12400,66.0,1958,1215,0,1998,6,1,3,1,297,11.951186847493476
341,14191,85.0,2002,993,915,2002,9,1,4,2,431,12.220473454337986
342,8400,60.0,1950,841,0,1950,4,1,2,1,294,11.314486721293981
343,8544,,1949,1040,0,1950,6,2,2,2,400,11.37940550085183
344,8849,63.0,2005,1684,0,2005,6,1,2,2,564,12.491255347155265
345,2592,36.0,1976,536,576,1976,4,1,3,1,336,11.350418300109132
346,6435,65.0,1939,972,605,1950,6,1,3,1,312,11.850832386224807
347,12772,,1960,958,0,1998,5,1,2,1,301,11.928347504569842
348,17600,,1960,1478,0,1960,6,1,3,2,498,11.967187086434018
349,2448,36.0,2003,764,862,2004,6,1,2,2,474,11.944714374881176
350,20431,56.0,2005,1848,880,2006,10,1,4,3,706,12.988043102265232
351,7820,68.0,2007,1869,0,2007,6,1,2,2,617,12.670001611311875
352,5271,,1986,1453,0,1986,6,1,2,2,445,12.154784614286667
353,9084,60.0,1941,616,495,1950,5,1,3,1,200,11.461642696843066
354,8520,60.0,1928,720,0,2003,5,1,2,2,484,11.570259974415547
355,8400,60.0,1940,1192,403,2000,6,1,2,1,240,11.849404844423074
356,11249,105.0,1995,1200,0,1995,6,1,3,2,521,12.086731521684555
357,9248,,1992,1167,0,1992,6,1,3,2,400,12.06105265381003
358,4224,44.0,1976,1142,0,1976,6,1,3,2,528,11.80560254159177
359,6930,92.0,1958,1352,0,1958,6,1,3,1,288,11.775297421715827
360,12011,78.0,1998,1086,838,1998,7,1,3,2,592,12.54254845357358
361,7540,,1978,912,0,1978,5,1,2,2,470,11.957617696467539
362,9144,,1940,988,517,1982,8,1,3,1,240,11.884495917930655
363,7301,64.0,2003,495,1427,2003,7,1,4,2,672,12.198549416880068
364,1680,21.0,1972,483,504,2007,5,1,2,1,264,11.678448377988165
365,18800,,1976,790,784,1976,6,1,3,2,566,12.154784614286667
366,10690,59.0,1920,672,672,1997,6,1,3,1,468,11.898194668458823
367,9500,,1963,1394,0,1963,6,1,3,2,514,11.976665770490767
368,9150,101.0,1962,1431,0,1962,6,1,3,1,296,12.013706813470414
369,7800,78.0,1954,1268,0,1954,7,1,2,1,244,11.790564777297387
370,9830,,1959,1287,0,2006,7,1,3,2,576,11.995357787034976
371,8121,,2000,953,711,2000,7,1,3,2,460,12.057578437658945
372,17120,80.0,1959,1120,468,1959,7,1,4,2,680,11.808821212646512
373,7175,50.0,1984,752,0,1984,4,1,2,1,264,11.736077016252437
374,10634,79.0,1953,1319,0,1953,5,1,3,1,270,11.719947764402807
375,8200,65.0,2003,847,1081,2004,8,1,4,2,434,12.299112067295642
376,10020,,1922,904,0,1950,4,1,1,0,0,11.0186455364637
377,8846,57.0,1996,914,0,1996,5,1,2,2,576,11.904974309480183
378,11143,102.0,2004,1580,886,2005,8,1,4,2,610,12.73670383776449
379,11394,88.0,2010,1856,0,2010,8,1,1,3,834,12.885204569609956
380,8123,60.0,2000,1007,793,2000,7,1,3,2,463,12.095146671399466
381,5000,50.0,1924,1026,665,1950,6,1,3,1,308,11.751950239425476
382,7200,60.0,2006,1301,0,2006,5,1,2,2,572,12.142871895843887
383,9245,79.0,2006,939,858,2006,8,1,3,2,639,12.271396795480596
384,9000,60.0,1928,784,0,1950,5,1,2,2,360,11.23850177707664
385,53107,,1992,1079,874,1992,9,1,3,2,501,12.388398368982115
386,3182,43.0,2004,1269,0,2005,6,1,2,2,430,12.165255859329688
387,8410,58.0,1910,658,526,1996,8,1,5,0,0,11.302216779257382
388,7200,72.0,1976,1125,0,1976,6,1,3,1,352,11.736077016252437
389,9382,93.0,1999,1479,0,2000,6,1,3,2,577,12.160033942617156
390,12474,96.0,2007,1742,590,2008,9,1,3,3,846,12.962196972666593
391,8405,50.0,1900,961,406,1950,7,1,4,1,384,11.686887175419702
392,12209,71.0,2001,804,1157,2002,7,1,3,2,560,12.278397958261774
393,8339,,1959,882,0,1959,5,1,3,1,294,11.575909653758895
394,7446,,1941,788,0,1950,4,1,2,0,0,11.51293546492023
395,10134,60.0,1940,735,299,1950,5,1,2,1,240,11.599112335481124
396,9571,68.0,1956,1144,0,1956,6,1,3,1,596,11.767575435251748
397,7200,60.0,1972,894,0,1972,6,1,2,2,600,11.719947764402807
398,7590,69.0,1962,876,936,1962,8,1,4,1,264,12.040614105490253
399,8967,60.0,1920,1077,0,1950,6,1,2,1,338,11.112462823634855
400,8125,65.0,2006,1112,438,2007,7,1,2,2,438,12.392556361841777
401,14963,38.0,1996,1288,0,1996,4,1,1,2,500,12.411056299528171
402,8767,65.0,2005,1310,0,2005,6,1,3,2,400,12.013646205940514
403,10200,60.0,1940,672,0,1997,4,1,2,1,240,11.58989576532275
404,12090,93.0,1998,1165,1098,1998,10,1,4,2,420,12.460718739865236
405,10364,,1995,806,766,1996,7,1,3,2,373,12.031725210748633
406,9991,,1976,1620,0,1993,8,1,3,2,490,11.918397239722838
407,10480,51.0,1936,1166,0,1950,6,1,3,1,240,11.652696102959753
408,15576,63.0,1915,840,840,1976,8,1,4,1,308,12.083910661257521
409,14154,109.0,2006,1071,1101,2006,9,1,3,3,947,12.54254845357358
410,10800,85.0,2007,1050,1028,2008,8,1,3,3,836,12.73596827534975
411,9571,68.0,1958,1276,0,1958,5,1,3,1,350,11.002116507732017
412,34650,100.0,1955,1056,0,1955,5,1,3,2,572,11.884495917930655
413,4403,,2009,1478,0,2009,7,1,2,2,484,12.310437165348775
414,8960,56.0,1927,1028,0,1950,5,1,2,2,360,11.652696102959753
415,11228,59.0,1993,1080,1017,1993,9,1,3,3,678,12.337105293891872
416,8899,73.0,2007,1340,0,2007,6,1,3,2,396,12.106997888588934
417,7844,74.0,1978,672,728,1978,6,1,3,2,440,11.915058360753719
418,22420,86.0,1918,1370,1254,1950,10,1,4,3,864,12.384223015005313
419,8160,60.0,1940,756,378,1950,7,1,3,1,240,11.744045122410057
420,8450,65.0,1968,1056,0,1968,6,1,3,1,304,11.863589378812122
421,7060,78.0,1997,1344,0,1998,8,2,2,4,784,12.237091546357338
422,16635,,1977,1602,0,2000,8,1,3,2,529,12.278397958261774
423,21750,100.0,1954,988,0,1954,4,1,2,2,520,11.635151947212842
424,9200,80.0,1998,1470,1160,1998,8,1,4,3,696,12.660331092405906
425,9000,72.0,1956,1196,0,1956,6,1,2,1,297,11.842236406331555
426,3378,60.0,1946,707,682,1992,6,1,3,1,240,11.813037464800539
427,12800,,1989,1644,0,1989,5,1,2,2,569,12.524530013005734
428,8593,77.0,1957,907,0,1957,5,1,3,1,352,11.599185726610004
429,6762,64.0,2007,1208,0,2007,6,1,2,2,628,12.182809136284991
430,11457,130.0,1988,1412,0,1988,6,1,3,2,576,12.07254696717504
431,1680,21.0,1971,483,504,1971,4,1,2,1,264,11.355113089309977
432,5586,60.0,1920,1088,110,1998,7,1,4,0,0,11.288543647320601
433,1920,24.0,1971,765,600,1971,6,1,2,2,440,11.715874472198905
434,10839,100.0,1997,926,678,1998,7,1,3,2,470,12.10625783509458
435,1890,21.0,1972,630,0,1972,3,1,1,0,0,11.302216779257382
436,10667,43.0,1996,827,834,1996,6,1,3,2,550,12.264346270624157
437,4400,40.0,1920,734,384,1950,6,1,2,2,440,11.661354090741
438,6000,50.0,1926,904,0,2004,4,1,2,1,180,11.686887175419702
439,4280,40.0,1913,694,0,2002,4,1,2,1,352,11.411457364027745
440,12354,67.0,1920,684,512,2000,7,1,3,2,528,11.608244735642321
441,15431,105.0,2008,2402,0,2008,10,1,2,3,672,13.22672519452875
442,12108,92.0,1955,1440,0,1955,8,2,4,0,0,11.678448377988165
443,6240,52.0,1930,1128,445,1992,8,1,3,2,360,12.000897933306716
444,3922,53.0,2006,1258,0,2007,6,1,2,3,648,12.058158312538197
445,8750,70.0,1994,933,975,1995,8,1,4,2,493,12.25486757159303
446,9855,73.0,1956,1689,0,1956,7,1,3,2,480,11.755879486687116
447,16492,137.0,1966,1888,0,2002,6,1,2,2,578,12.154784614286667
448,11214,,1998,956,930,1999,10,1,4,2,431,12.20557752297723
449,8600,50.0,1937,780,596,1950,7,1,3,1,198,11.691080018519527
450,6000,50.0,1948,679,504,2002,6,1,2,1,308,11.695255355062795
451,5684,70.0,1930,813,0,2005,5,1,2,1,270,11.608244735642321
452,70761,62.0,1975,1533,0,1975,5,1,2,2,576,12.54254845357358
453,9303,,1996,888,868,1997,7,1,3,2,422,12.225880174775122
454,9000,75.0,2008,786,804,2008,6,1,3,2,676,12.25486757159303
455,9297,63.0,1976,1728,0,1976,8,2,4,2,560,12.144202560946876
456,9600,80.0,1973,1242,0,1973,6,1,3,2,528,12.075400019877522
457,4571,34.0,1916,624,720,1950,7,1,4,3,513,11.49273296168228
458,53227,,1954,1663,0,1994,6,1,2,2,529,12.45293662970407
459,5100,,1925,833,833,1996,7,1,3,1,228,11.989165855127435
460,7015,,1950,979,224,1950,5,1,3,1,352,11.608244735642321
461,8004,75.0,2009,832,1103,2009,8,1,3,2,552,12.481565733211923
462,7200,60.0,1936,575,560,2007,6,1,3,2,576,11.951186847493476
463,8281,60.0,1965,864,0,1965,5,1,3,1,360,11.04106411122238
464,11988,74.0,1934,849,811,1995,6,1,3,1,240,12.147919030759663
465,8430,60.0,1978,1040,0,1978,5,1,3,0,0,11.728044909070785
466,3072,,2004,1414,0,2004,6,1,2,2,398,12.093693109638318
467,10628,85.0,1970,1277,0,1970,5,1,2,2,526,12.025755079404917
468,9480,79.0,1942,888,756,1995,7,1,3,1,312,11.89478753335453
469,11428,98.0,2006,1634,0,2006,7,1,3,3,866,12.429220196836383
470,9291,76.0,1993,832,878,1993,7,1,3,2,506,12.138869243416009
471,6820,,1985,1502,0,1985,4,1,1,2,528,12.264346270624157
472,11952,92.0,1977,1161,808,1977,8,1,3,2,534,12.154784614286667
473,3675,35.0,2005,1072,0,2005,5,1,2,2,525,11.904974309480183
474,14977,110.0,2006,1976,0,2007,7,1,2,3,908,12.994532278619134
475,5330,41.0,2000,1652,0,2000,6,1,2,2,499,12.433212202169729
476,8480,80.0,1963,970,0,1963,5,1,2,2,624,11.794345471549745
477,13125,75.0,1997,1493,0,1998,7,1,3,2,508,12.249615734512616
478,13693,105.0,2006,2069,574,2006,9,1,3,3,694,12.847929163278053
479,10637,79.0,2007,1718,0,2008,7,1,3,3,826,12.601490784782536
480,5925,50.0,1937,1131,0,2000,7,1,2,2,672,11.401681006153428
481,16033,98.0,2004,1850,0,2005,8,1,3,3,772,12.694655727828803
482,11846,72.0,2003,1792,0,2004,6,1,2,3,874,12.832013750189885
483,2500,50.0,1915,916,910,2005,7,1,4,1,164,11.951186847493476
484,4500,32.0,1998,1216,0,1998,5,1,2,2,402,12.00762780434872
485,7758,,1962,999,0,2001,6,1,3,1,264,11.794345471549745
486,9600,80.0,1950,1113,0,2007,5,1,3,1,264,11.898194668458823
487,10289,79.0,1965,1073,0,1965,6,1,3,2,515,11.957617696467539
488,12243,70.0,1971,1484,0,1971,7,1,3,2,487,12.07254696717504
489,10800,60.0,1900,1766,648,1970,10,2,3,2,520,11.982935344196433
490,1526,21.0,1970,630,0,2002,3,1,1,1,286,11.362114203075018
491,2665,,1976,616,688,1976,4,1,3,1,336,11.652696102959753
492,9490,79.0,1941,958,620,1950,5,1,3,1,240,11.798111925972618
493,15578,105.0,2006,728,728,2006,8,1,3,2,429,12.059809113551397
494,7931,70.0,1960,1269,0,1960,6,1,3,1,308,11.951186847493476
495,5784,50.0,1938,886,0,1996,4,1,2,1,273,11.421917019425596
496,7879,60.0,1920,720,0,1950,4,1,2,0,0,10.460270761075149
497,12692,,1992,3228,0,1993,10,1,4,2,546,12.971542813248437
498,9120,60.0,1925,1133,687,1950,8,1,4,1,240,12.122696471358964
499,7800,65.0,1967,899,0,2004,5,1,3,1,288,11.775297421715827
500,7535,70.0,1958,912,0,1985,5,1,2,1,297,11.695255355062795
501,1890,21.0,1973,672,546,1973,7,1,3,1,264,11.635151947212842
502,9803,75.0,2005,866,902,2005,7,1,3,2,603,12.331387247601905
503,9170,70.0,1965,1214,0,1965,6,1,2,2,461,11.849404844423074
504,15602,100.0,1959,1801,0,1997,6,1,1,2,484,12.574185427296195
505,2308,24.0,1974,855,467,1974,6,1,3,2,440,11.898194668458823
506,7596,60.0,1952,960,1000,1952,10,2,4,2,400,11.732069026983156
507,9554,80.0,1993,1065,846,1994,8,1,3,2,471,12.278397958261774
508,7862,75.0,2009,1218,0,2009,4,1,2,2,676,12.246739428005663
509,9600,60.0,1928,689,689,2005,7,1,3,2,360,11.989165855127435
510,9600,80.0,1959,1041,0,1959,6,1,3,1,270,11.732069026983156
511,14559,75.0,1951,1363,0,2000,6,1,2,1,288,12.013100572810686
512,6792,40.0,2005,1368,0,2006,6,1,2,2,474,12.2193145828011
513,9100,70.0,1958,864,0,1958,5,1,3,2,624,11.774527900858468
514,9187,71.0,1983,1080,0,1983,5,1,3,2,484,11.80560254159177
515,10594,55.0,1926,789,0,1950,5,1,2,1,200,11.477308649967686
516,12220,94.0,2009,2020,0,2009,9,1,3,3,900,12.90634935052389
517,10448,,1972,1378,741,1972,7,1,3,2,583,11.970356641102999
518,10208,79.0,1996,1277,1067,1997,7,1,3,3,889,12.487488878546145
519,9531,,1998,882,914,1998,7,1,3,2,546,12.259618151783465
520,10918,53.0,1926,1276,804,2004,9,1,3,1,282,12.36308066783498
521,10800,60.0,1900,694,600,2000,7,2,3,0,0,11.573559498507079
522,11988,90.0,1957,1244,0,1957,6,1,3,1,336,11.918397239722838
523,5000,50.0,1947,1004,660,1950,7,1,3,2,420,11.976665770490767
524,40094,130.0,2007,3138,1538,2008,11,1,3,3,884,12.126764251515691
525,11787,95.0,1996,1383,1015,1997,8,1,3,3,834,12.662709207270272
526,7500,62.0,2005,1266,0,2005,6,1,3,2,453,12.07824495582233
527,13300,70.0,1956,928,0,2000,4,1,2,1,252,11.790564777297387
528,14948,67.0,2008,1476,1237,2008,11,1,3,3,858,13.008661502470739
529,9098,58.0,1920,605,0,2002,5,1,2,0,0,11.362114203075018
530,32668,,1957,2515,0,1975,9,2,4,2,484,12.209192772866418
531,10200,85.0,1988,1509,0,1989,5,1,3,2,600,12.07254696717504
532,6155,60.0,1920,751,611,1999,6,1,3,2,502,11.759793355371237
533,7200,60.0,1955,827,0,2007,5,1,2,1,392,11.58525542883217
534,5000,50.0,1946,334,0,1950,2,1,1,0,0,10.579005242826247
535,9056,74.0,2004,707,707,2004,6,1,3,2,403,12.08954444723597
536,7000,70.0,1910,820,527,1991,5,1,3,0,0,11.58525542883217
537,8924,57.0,1998,880,844,1999,8,1,3,2,527,12.144202560946876
538,12735,,1972,864,0,1972,5,1,3,2,576,11.619544188752133
539,11553,,1968,1159,0,1968,7,1,3,1,336,11.970356641102999
540,11423,,2001,1601,0,2002,6,1,3,2,670,12.513561021741964
541,14601,85.0,2006,1838,0,2006,8,1,2,3,765,12.660331092405906
542,11000,,2000,997,1288,2000,8,1,4,3,648,12.421188057397055
543,10140,78.0,1998,1680,0,1999,7,1,3,2,583,12.270225154674701
544,4058,34.0,1998,767,0,1998,4,1,1,1,367,11.798111925972618
545,17104,58.0,2006,664,832,2006,7,1,3,2,426,12.098854850641
546,13837,,1988,1377,806,1988,9,1,4,3,786,12.34148164933907
547,8737,70.0,1923,915,720,1950,6,1,3,2,440,12.25486757159303
548,7244,54.0,1970,768,0,1970,5,1,2,2,624,11.771443882099637
549,8235,49.0,1955,825,0,1995,4,1,2,2,720,11.736077016252437
550,9375,75.0,2003,912,1182,2004,8,1,4,2,615,12.479913113434042
551,4043,53.0,1977,1069,0,1977,4,1,2,2,440,11.849404844423074
552,6000,50.0,1957,928,0,1957,5,1,3,1,288,11.630717389475995
553,11146,87.0,2006,1717,0,2006,7,1,3,3,908,12.450981602512561
554,8777,67.0,1949,1126,0,2003,5,1,2,2,520,11.58989576532275
555,10625,85.0,2003,1006,1040,2004,8,1,3,3,871,12.556733038263905
556,6380,58.0,1922,1048,0,1950,5,1,2,1,280,11.635151947212842
557,14850,69.0,1957,1092,0,1957,6,1,2,1,299,11.856522261533737
558,11040,60.0,1920,897,439,1950,7,1,3,1,570,11.58989576532275
559,21872,57.0,1996,729,717,1997,6,1,3,2,406,12.07254696717504
560,3196,,2003,1557,0,2004,7,1,2,2,420,12.36308066783498
561,11341,,1957,1392,0,1996,5,1,3,2,528,11.707677772181546
562,10010,77.0,1974,1389,0,1975,6,1,2,2,418,12.04355959836804
563,13907,63.0,1940,996,0,1969,6,1,3,0,0,11.58989576532275
564,21780,66.0,1918,1163,511,1950,8,1,4,2,396,12.128116509451258
565,13346,,1992,1166,1129,2000,9,1,4,2,590,12.498745990829315
566,6858,66.0,1915,841,806,1950,6,1,4,1,216,11.759793355371237
567,11198,77.0,2005,1134,1370,2007,11,1,4,3,656,12.691583538230217
568,10171,70.0,2004,1535,0,2004,7,1,3,2,532,12.273735966890268
569,12327,79.0,1983,1496,636,2009,5,1,1,2,612,12.665397584983758
570,7032,,1979,943,0,1979,4,1,2,2,600,11.820123358887447
571,13101,74.0,1965,1728,0,1965,10,2,6,2,576,11.867805799560465
572,7332,60.0,1959,864,0,1959,4,1,2,1,288,11.695255355062795
573,13159,83.0,2009,846,846,2009,6,1,3,2,650,12.32163544049751
574,9967,76.0,2000,774,656,2000,8,1,3,2,400,12.04355959836804
575,10500,70.0,1971,576,533,2005,5,1,3,1,288,11.842236406331555
576,8480,80.0,1947,832,384,1950,6,1,2,1,336,11.682676678340282
577,6292,52.0,1928,877,600,1950,6,1,3,1,216,11.884495917930655
578,11777,96.0,1966,1320,0,1966,6,1,3,2,564,12.010671928196443
579,3604,34.0,2007,703,689,2007,5,1,2,2,540,11.891368749982085
580,12150,81.0,1954,1050,745,1954,7,1,4,1,352,11.78676973513378
581,14585,,1960,1429,0,1987,7,1,3,2,572,12.111217862017215
582,12704,98.0,2008,2042,0,2009,8,1,3,3,1390,12.442306148381938
583,11841,81.0,1990,816,0,1990,5,1,3,0,0,11.682676678340282
584,13500,75.0,1893,1521,1254,2000,9,1,3,2,880,12.691583538230217
585,6120,51.0,1935,989,584,1995,6,1,3,1,240,11.798111925972618
586,11443,88.0,2005,2028,0,2006,7,1,2,3,880,12.820990681250251
587,10267,55.0,1918,838,0,2000,5,1,2,1,275,11.775297421715827
588,8740,74.0,1982,860,0,1982,4,1,2,2,528,11.827743504053695
589,25095,65.0,1968,1473,0,2003,5,1,1,1,452,11.870606902224587
590,9100,50.0,1930,779,0,1960,4,1,2,1,308,11.283524879179666
591,8320,64.0,2004,770,812,2004,6,1,3,2,520,12.132969552931216
592,13478,97.0,2008,1728,568,2008,10,1,3,3,842,13.02132904585825
593,6600,60.0,1982,816,0,2003,4,1,2,2,816,11.835016210489899
594,4435,,2003,848,0,2003,4,1,1,2,420,11.849404844423074
595,7990,88.0,1975,924,0,1975,5,1,3,1,280,11.608244735642321
596,11302,69.0,2005,1826,0,2006,7,1,3,3,758,12.672949516558306
597,3600,60.0,1910,684,684,1993,7,1,3,1,216,11.648373769145277
598,3922,53.0,2006,1402,0,2007,7,1,2,3,648,12.176654133447505
599,12984,80.0,1977,1647,0,1977,7,1,3,2,621,12.289958727201455
600,1950,24.0,1980,716,840,1980,6,1,3,2,452,11.92504173829169
601,10927,74.0,2005,1058,846,2005,8,1,3,2,736,12.524530013005734
602,9000,50.0,1937,780,595,1950,6,1,3,1,544,11.856522261533737
603,10041,80.0,1992,927,988,1992,8,1,3,2,506,12.301387370778713
604,3182,30.0,2004,600,600,2005,4,1,2,2,480,11.92504173829169
605,12803,88.0,2002,1494,0,2002,6,1,3,2,530,12.30592250537653
606,13600,85.0,1965,1186,800,1990,7,1,3,2,486,12.230770136157428
607,12464,82.0,1996,1040,0,1996,6,1,3,2,576,11.931642378754141
608,7800,78.0,1948,1112,896,2002,8,1,3,1,230,12.323860125621126
609,12168,78.0,1934,1940,1254,1998,10,1,4,2,380,12.791358964949923
610,7943,61.0,1961,1029,0,1961,5,1,3,1,261,11.682676678340282
611,11050,,2000,1476,677,2000,8,1,3,3,736,12.653961664405365
612,10395,,1978,1032,0,1978,6,1,3,2,564,11.904974309480183
613,11885,,2001,1299,573,2001,7,1,3,2,531,12.474193386571581
614,8402,70.0,2007,1120,0,2007,6,1,3,0,0,11.898194668458823
615,1491,21.0,1972,630,0,1972,3,1,1,0,0,11.231901180182515
616,8800,80.0,1963,1054,0,1963,6,1,3,2,480,11.83138646878959
617,7861,,2002,807,702,2003,7,1,3,2,393,12.118339189722553
618,7227,59.0,1954,832,0,1954,4,1,2,2,528,11.566475710526321
619,11694,90.0,2007,1828,0,2007,9,1,3,3,774,12.659737267217572
620,12244,85.0,2003,1482,780,2003,10,1,4,3,749,12.628070334272698
621,8248,45.0,1914,864,0,1950,5,1,2,0,0,11.112462823634855
622,10800,90.0,1974,1548,1066,1997,9,1,4,2,624,12.388398368982115
623,7064,71.0,1977,980,0,1977,6,1,3,2,484,11.813037464800539
624,2117,,2000,756,756,2000,4,1,2,2,440,12.034696963475044
625,10400,80.0,1972,1012,778,1972,8,1,4,2,484,12.014615485902027
626,10000,87.0,1962,1116,0,1962,5,1,3,2,440,11.982935344196433
627,12342,,1960,1422,0,1978,6,1,3,1,286,11.848690308590857
628,9600,80.0,1955,1520,0,1972,7,1,3,1,364,11.938199736300925
629,11606,70.0,1969,1040,1040,1969,9,1,5,2,504,11.813037464800539
630,9020,82.0,1964,1350,0,1964,6,1,3,2,520,12.034696963475044
631,9000,50.0,1880,1089,661,1991,8,1,3,1,240,11.728044909070785
632,4590,34.0,2006,1554,0,2006,6,1,2,2,627,12.252483791602627
633,11900,85.0,1977,1411,0,1977,6,1,3,2,544,11.320565693461432
634,9250,80.0,1954,1056,0,2005,6,1,3,1,260,11.845109950883979
635,6979,64.0,1980,1056,0,1980,4,2,0,2,576,11.87757552297847
636,10896,60.0,1914,1440,1440,1995,14,2,8,0,0,12.206077645517674
637,6120,51.0,1936,800,0,1950,4,1,1,0,0,11.002116507732017
638,6000,50.0,1954,811,576,1954,7,2,3,1,256,11.440365524765756
639,8777,67.0,1910,796,0,1950,4,1,2,0,0,11.350418300109132
640,3982,53.0,2006,1567,0,2006,7,1,1,3,648,12.485830907348902
641,12677,62.0,2003,1518,0,2004,6,1,1,2,588,12.520887034998584
642,7050,,2001,1057,872,2001,7,1,3,2,650,12.328294703023394
643,13860,75.0,1972,2000,704,1995,9,1,4,2,538,12.75130259456002
644,10793,80.0,1969,780,840,1969,7,1,4,2,462,11.931642378754141
645,9187,85.0,2009,1766,0,2009,7,1,2,3,478,12.823631142839984
646,10530,,1971,981,0,1971,5,1,3,2,576,11.872353615355413
647,7200,60.0,1950,1048,0,1950,7,1,3,2,420,11.495789479023493
648,10452,85.0,1953,1094,0,1953,5,1,3,2,495,11.951186847493476
649,7700,70.0,1966,1051,788,1966,7,1,4,2,442,11.951186847493476
650,1936,21.0,1970,630,0,1970,3,1,1,0,0,11.344518647594766
651,8125,65.0,2007,822,843,2007,7,1,3,2,562,12.235393555399902
652,9084,60.0,1940,755,755,1950,7,1,4,1,296,11.58989576532275
653,8750,70.0,1996,909,807,1996,7,1,2,2,512,12.160033942617156
654,10320,60.0,1906,756,713,1995,7,1,3,1,216,11.813037464800539
655,10437,91.0,1995,2113,0,1995,7,1,2,3,839,12.765691290604371
656,1680,21.0,1971,525,567,1971,6,1,3,1,264,11.385103457032141
657,10007,72.0,1959,1053,0,2006,5,1,3,1,312,11.8879382384223
658,7200,60.0,1931,851,651,2000,6,1,3,1,270,11.91170829631447
659,17503,78.0,1948,912,546,1950,6,1,3,1,330,11.487617913343598
660,9937,75.0,1964,1486,0,1999,7,1,3,2,480,12.025755079404917
661,12384,,1976,1142,793,1976,7,1,3,2,550,12.19552218463499
662,46589,52.0,1994,1686,762,2005,8,1,4,3,711,12.904209855160254
663,13560,120.0,1968,1392,0,1968,5,1,2,2,576,11.608244735642321
664,10012,90.0,1972,1181,0,1972,6,1,3,2,588,11.83138646878959
665,20896,49.0,2005,2097,0,2006,8,1,1,3,1134,12.955129822091815
666,11194,106.0,2000,1454,482,2000,7,1,3,2,504,12.348010479804223
667,18450,,1965,1465,915,1979,7,1,3,2,596,11.767575435251748
668,8125,65.0,1994,1679,0,1998,7,1,3,2,575,12.173037959397275
669,14175,,1956,1437,0,1987,6,1,3,2,576,12.031725210748633
670,11600,80.0,1922,1180,0,1950,5,1,2,1,252,11.83138646878959
671,8633,64.0,2005,738,738,2005,7,1,3,2,540,12.063938642041201
672,6629,54.0,1925,697,672,1950,6,1,3,1,300,11.548302261270587
673,11250,,1977,1208,0,1977,6,1,3,2,546,12.013706813470414
674,14442,110.0,1957,1839,0,2004,7,1,3,2,416,12.458778882573533
675,9200,80.0,1965,1136,0,1965,5,1,3,1,384,11.849404844423074
676,2289,24.0,1978,855,586,1978,7,1,3,2,440,11.908346971208951
677,9600,60.0,1900,1095,679,1950,8,2,4,3,779,11.373674891823535
678,9022,52.0,1924,792,0,2006,5,1,2,1,240,11.603688960617083
679,11844,80.0,2008,2046,0,2008,7,1,3,3,834,12.827995001361906
680,9945,,1961,988,0,1961,5,1,3,2,572,11.763691965388299
681,8012,50.0,1980,923,0,1980,5,1,2,1,264,11.870606902224587
682,4500,55.0,1932,848,672,2000,6,1,3,1,281,11.979391594635791
683,2887,,1996,1291,0,1997,6,1,2,2,431,12.06105265381003
684,11248,90.0,2002,1668,0,2002,7,1,3,3,702,12.560247968016562
685,16770,58.0,1998,1195,644,1998,7,1,4,2,486,12.30592250537653
686,5062,,1984,1190,900,1984,6,1,3,2,577,12.242891437918386
687,10207,84.0,2007,874,887,2007,7,1,3,2,578,12.336556900342153
688,5105,,2004,551,551,2004,4,1,2,2,480,11.910365121788654
689,8089,60.0,2007,1419,0,2007,7,1,2,2,567,12.879019669789754
690,7577,61.0,2005,1362,0,2006,6,1,2,2,460,12.179220327453931
691,4426,,2004,848,0,2004,3,1,1,2,420,11.856522261533737
692,21535,104.0,1994,2444,1872,1995,10,1,4,3,832,13.534474352733596
693,26178,42.0,1989,1238,1281,1990,9,1,4,2,628,12.721888795877375
694,5400,60.0,1921,1073,0,1968,4,1,2,1,326,11.59433032142082
695,6120,51.0,1936,1067,472,1950,5,1,3,2,576,11.860062063178267
696,13811,54.0,1987,1137,0,1987,5,1,2,2,551,12.07824495582233
697,6000,50.0,1921,616,0,1950,4,1,2,1,205,11.39640288460621
698,6420,57.0,1952,1148,0,1952,6,1,2,1,308,11.724004532183379
699,8450,65.0,1965,894,0,2009,5,1,3,1,336,11.83863282480007
700,4282,59.0,2004,1391,0,2004,5,1,2,2,530,12.185875040240456
701,14331,85.0,2002,1800,0,2002,7,1,3,3,765,12.652362948153474
702,9600,80.0,1969,1164,0,1969,6,1,3,2,528,11.849404844423074
703,12438,82.0,2006,1264,1312,2006,10,1,4,3,666,12.799178471909892
704,7630,76.0,1900,1032,780,1996,8,2,4,2,672,11.849404844423074
705,8400,70.0,2004,1484,0,2005,7,1,3,2,606,12.269052139516223
706,5600,70.0,1930,372,720,1950,7,2,3,0,0,10.915106645867503
707,115149,,1971,1824,0,2002,5,1,2,2,739,12.618185607609803
708,6240,48.0,2006,1324,0,2006,6,1,2,2,550,12.445093483000798
709,9018,65.0,2007,728,728,2007,8,1,3,2,400,12.09815887308463
710,7162,,1966,904,0,1966,6,1,3,1,408,11.60733523953139
711,4130,56.0,1935,729,0,2003,5,1,2,0,0,10.859018228147887
712,8712,66.0,1900,859,319,1950,7,1,2,1,384,11.54031687156214
713,4671,40.0,1988,1228,0,1989,5,1,2,2,472,12.149507585033072
714,9873,60.0,1970,960,0,1970,6,1,3,2,576,11.767575435251748
715,13517,,1976,725,754,2005,6,1,3,2,475,11.779136168550774
716,10140,78.0,1974,1350,0,1974,7,1,3,2,478,12.013706813470414
717,10800,60.0,1890,1576,978,1998,8,1,3,2,704,11.979805470779858
718,10000,80.0,1973,1178,0,2000,5,1,3,2,439,11.964007453736912
719,10542,96.0,1993,1325,1093,1994,9,1,3,3,983,12.739640688812674
720,9920,69.0,1969,971,0,1969,5,1,3,1,300,11.763691965388299
721,6563,,1985,1742,0,1985,5,1,2,2,564,12.524530013005734
722,4426,,2004,848,0,2004,3,1,1,2,420,11.870606902224587
723,8120,70.0,1970,864,0,1970,5,1,3,2,463,11.732069026983156
724,8172,60.0,1954,997,473,1972,7,1,4,1,548,11.813037464800539
725,13286,86.0,2007,1698,0,2008,8,1,3,3,768,12.676079399771027
726,6960,60.0,1970,864,0,1970,5,1,3,2,660,11.699413330633599
727,21695,,1988,1680,0,2007,5,1,3,2,540,12.310437165348775
728,7314,64.0,2007,1232,0,2007,6,1,2,2,632,12.178192583415596
729,11475,85.0,1958,1776,0,1958,9,2,4,3,888,11.608244735642321
730,6240,52.0,1925,848,0,1950,5,1,2,2,539,11.542493975902508
731,5389,39.0,1995,1616,0,1996,5,1,2,2,608,12.373707715234994
732,9590,73.0,2003,1146,0,2003,6,1,3,2,438,12.141539457711714
733,11404,75.0,1998,1153,878,1999,8,1,3,2,541,12.312686874960354
734,10000,80.0,1961,1144,0,1983,6,1,3,1,264,11.786008995353765
735,8978,,1968,948,0,1968,6,1,3,1,300,11.58989576532275
736,10800,60.0,1914,880,888,1970,6,1,2,2,320,12.001511614739405
737,8544,60.0,1950,1040,0,1950,6,2,2,2,400,11.445727410406752
738,10463,72.0,2005,901,900,2005,8,1,3,3,800,12.3879816172226
739,10800,60.0,1987,1200,0,1988,5,1,3,0,0,12.095146671399466
740,9313,65.0,2004,864,864,2004,7,1,3,2,572,12.154784614286667
741,9600,60.0,1910,768,664,2002,7,1,2,2,360,11.790564777297387
742,6768,65.0,1961,912,0,1996,5,1,3,1,288,11.863589378812122
743,8450,65.0,2000,1349,0,2001,6,1,3,2,539,12.095146671399466
744,12886,70.0,1963,1464,0,1999,6,1,3,2,480,12.07254696717504
745,5395,41.0,1993,1337,0,1993,5,1,2,2,462,12.100717685412471
746,8963,,1976,1175,1540,1996,11,1,4,2,831,12.61087420020211
747,8795,,2000,980,1276,2000,8,1,4,2,554,12.371591321286905
748,11700,65.0,1880,1320,1320,2003,8,1,4,4,864,12.491176396967154
749,10593,59.0,1996,1720,0,1996,7,1,3,2,527,12.469978029554953
750,8405,50.0,1945,1088,441,1950,9,1,4,1,240,11.49273296168228
751,8800,55.0,1910,792,348,2004,7,1,3,0,0,11.477308649967686
752,7750,,2003,660,660,2003,6,1,3,2,400,11.995357787034976
753,9236,79.0,1997,1494,0,1997,6,1,3,2,576,12.28765724080691
754,10240,80.0,2005,1038,1060,2005,8,1,3,3,878,12.526346537332584
755,7930,61.0,1969,1026,0,2005,5,1,3,2,440,11.957617696467539
756,3230,34.0,1999,742,729,1999,6,1,3,2,440,12.058158312538197
757,10769,68.0,2007,866,902,2007,7,1,3,2,578,12.264346270624157
758,11616,,1978,672,714,1978,6,1,3,2,440,11.97603664577121
759,2280,24.0,1999,757,744,1999,6,1,3,2,440,12.097378802727306
760,12257,65.0,1995,1328,1203,1995,9,1,4,3,752,12.577639650232573
761,9100,70.0,1959,864,0,1959,5,1,2,1,300,11.755879486687116
762,6911,60.0,1924,1301,0,1950,5,1,2,2,440,11.51293546492023
763,8640,72.0,2009,764,783,2009,7,1,3,2,614,12.279327754099118
764,9430,82.0,1999,1268,1097,1999,8,1,3,3,856,12.727841176689147
765,9549,30.0,1995,1494,0,1996,6,1,2,2,481,12.506180941677357
766,14587,75.0,2008,1506,0,2008,6,1,2,2,592,12.484208043148733
767,10421,80.0,1988,980,734,1988,7,1,3,2,496,12.188422799337028
768,12508,75.0,1940,983,767,1985,7,1,4,1,423,11.982935344196433
769,9100,70.0,2004,1836,0,2005,8,1,3,2,484,12.28690580994122
770,53504,47.0,2003,1690,1589,2003,12,1,4,3,841,13.195615697878253
771,7252,,1982,858,0,1982,5,1,2,2,576,11.812296455066814
772,8877,67.0,1951,1220,0,1951,6,1,2,2,396,11.532737896139919
773,7819,94.0,1976,1117,0,1976,6,1,3,2,672,11.580593459194764
774,10150,70.0,1958,912,0,1958,5,1,2,1,275,11.648338835562747
775,14226,110.0,2006,1973,0,2006,9,1,3,3,895,12.886643575525625
776,4500,32.0,1998,1204,0,1998,5,1,2,2,412,11.995357787034976
777,11210,86.0,2005,1614,0,2006,7,1,3,3,865,12.308182383129823
778,13350,100.0,1974,894,0,1974,5,1,3,2,440,11.86710429621008
779,8400,60.0,1977,2020,0,1977,10,2,4,2,630,11.87757552297847
780,10530,78.0,1977,1004,0,1977,4,1,2,2,504,11.813037464800539
781,7875,63.0,1995,1253,0,1996,6,1,3,2,402,12.07824495582233
782,7153,65.0,1992,810,793,1992,7,1,3,2,484,12.077676615757813
783,16285,67.0,2001,1430,0,2002,6,1,3,2,605,12.139403856983334
784,9101,,1978,1110,0,1978,4,1,1,2,602,12.016732516077072
785,6300,35.0,1914,742,742,2001,9,1,3,0,0,11.759793355371237
786,9790,,1967,1342,0,1967,7,1,3,2,457,11.992266613576142
787,10800,60.0,1915,966,686,1950,7,1,4,1,416,11.842236406331555
788,10142,76.0,2004,956,1128,2004,8,1,4,2,618,12.358798024384122
789,6000,50.0,1954,901,0,2000,4,1,2,1,281,11.588969419043872
790,12205,,1966,976,1111,2007,9,1,5,2,444,12.141539457711714
791,3182,43.0,2005,1145,0,2006,5,1,2,2,397,11.984184555794167
792,11333,,1976,1062,0,1976,5,1,3,2,539,11.896833207128452
793,9920,92.0,1996,1127,886,1997,8,1,3,2,455,12.505402864156405
794,9158,76.0,2007,1496,0,2007,7,1,3,2,474,12.323860125621126
795,10832,,1994,1086,809,1996,7,1,3,2,409,12.178192583415596
796,8400,70.0,1980,888,676,1981,7,1,3,2,476,12.049424683420915
797,8197,71.0,1977,1285,0,1977,7,1,3,2,528,11.874097282798648
798,7677,57.0,1953,773,0,1953,4,1,2,1,240,11.608244735642321
799,13518,104.0,2008,1966,1174,2009,11,1,4,3,820,13.091906231773164
800,7200,60.0,1937,981,787,1950,7,1,3,1,240,12.07254696717504
801,12798,79.0,1997,616,1072,1997,8,1,4,2,603,12.206077645517674
802,4800,40.0,1916,1196,0,1990,5,1,2,2,440,11.60733523953139
803,8199,63.0,2005,728,728,2005,7,1,3,2,410,12.149507585033072
804,13891,107.0,2008,1734,1088,2009,12,1,4,3,1020,13.275829251377
805,9000,75.0,1954,1128,0,1954,5,1,2,1,286,11.678448377988165
806,12274,91.0,2008,1428,0,2008,6,1,3,2,554,12.335700805443338
807,9750,75.0,1967,980,0,1967,6,1,3,1,384,11.816734299348461
808,21384,144.0,1923,1072,504,2004,6,1,3,2,528,12.317171167298682
809,13400,85.0,1966,1086,0,1966,6,1,3,2,484,11.982622797311857
810,8100,90.0,1898,1075,1063,1965,11,3,2,2,360,11.571203807011969
811,10140,78.0,1974,1309,0,1999,5,1,3,2,484,12.10625783509458
812,4438,,2004,848,0,2004,4,1,1,2,420,11.881041706925902
813,8712,66.0,1952,1044,0,1952,4,1,2,2,504,10.932999821119937
814,9750,75.0,1958,1442,0,1958,7,1,4,1,301,11.969723533345908
815,8248,45.0,1918,686,564,1950,7,1,3,1,280,11.661354090741
816,12137,48.0,1998,1661,0,1998,6,1,3,2,598,12.323415584358154
817,11425,,1954,1008,0,1954,4,1,2,1,275,11.827743504053695
818,13265,,2002,1689,0,2002,7,1,3,3,857,12.509877789891931
819,8816,80.0,1971,1052,0,1971,6,1,3,2,440,11.951186847493476
820,6371,44.0,2009,1358,0,2010,6,1,2,2,484,12.319405795112926
821,7226,72.0,2003,798,842,2003,6,1,3,2,595,12.117246896289503
822,6000,60.0,1953,936,0,1953,4,1,2,2,576,11.440365524765756
823,12394,,2003,847,886,2003,7,1,3,2,433,12.323860125621126
824,9900,60.0,1940,944,545,1950,7,1,3,1,240,11.845827048676645
825,11216,81.0,2006,1489,0,2006,7,1,3,2,776,12.357079818283598
826,14803,114.0,2007,2084,0,2008,7,1,2,3,1220,12.861001210669146
827,6130,50.0,1924,784,0,1950,5,1,2,0,0,11.603688960617083
828,8529,65.0,2001,1434,0,2001,6,1,3,2,527,12.149507585033072
829,28698,,1967,1160,966,1967,7,1,3,2,538,12.128116509451258
830,2544,24.0,2005,520,623,2005,4,1,2,2,480,11.900912042974875
831,11900,80.0,1957,1392,0,1957,6,1,3,2,458,12.019749091416921
832,3180,30.0,2005,520,600,2005,4,1,2,2,480,11.92504173829169
833,9548,44.0,2003,941,888,2003,7,1,3,2,613,12.37581963951765
834,10004,100.0,1964,1516,0,1964,6,1,3,2,472,12.025755079404917
835,7875,75.0,1961,1144,0,1961,6,1,3,2,456,11.849047640327147
836,9600,60.0,1950,1067,0,1995,4,1,2,2,436,11.759793355371237
837,8100,90.0,1948,1559,0,1973,5,1,2,2,812,11.941462360646149
838,1680,21.0,1973,483,504,1973,5,1,2,1,264,11.51293546492023
839,9525,75.0,1995,1099,0,2006,6,1,3,1,352,11.87757552297847
840,11767,70.0,1946,768,432,1995,6,1,3,1,240,11.779136168550774
841,12155,,1925,810,672,1950,7,1,4,1,400,11.849404844423074
842,10440,60.0,1904,958,581,2002,8,1,3,2,686,11.967187086434018
843,9020,82.0,1966,1165,0,1966,6,1,3,2,490,12.071975378543236
844,8000,80.0,1961,1800,0,1961,10,2,6,0,0,11.856522261533737
845,12665,100.0,1915,876,540,1950,7,1,4,3,720,11.944064817531656
846,16647,,1975,1701,0,1981,6,1,3,2,611,12.049424683420915
847,9317,75.0,1993,1006,769,1993,7,1,3,2,425,12.269052139516223
848,15523,36.0,1972,864,0,1972,5,1,3,1,338,11.80186424743109
849,45600,75.0,1908,1307,1051,1997,10,1,5,2,360,12.388398368982115
850,9600,80.0,1976,1094,761,1994,7,1,3,2,512,12.138869243416009
851,4435,36.0,2003,848,0,2003,3,1,1,2,420,11.78676973513378
852,3196,,2003,1456,0,2003,7,1,2,2,400,12.278397958261774
853,7128,53.0,1941,918,728,1950,7,1,4,1,240,12.00762780434872
854,12095,,1964,1445,0,1964,7,1,3,2,645,11.970356641102999
855,17920,102.0,1955,1779,0,1974,6,1,3,2,454,12.04355959836804
856,6897,,1962,1040,0,2010,6,1,3,1,260,11.751950239425476
857,10970,,1978,1026,0,1978,5,1,3,2,576,11.898194668458823
858,8125,65.0,1994,702,779,1995,6,1,3,2,343,12.066816325306588
859,10400,80.0,1976,1370,0,1976,6,1,3,2,479,11.931642378754141
860,11029,,1968,1512,1142,1984,9,1,4,2,619,12.429220196836383
861,7642,55.0,1918,912,514,1998,7,1,3,1,216,12.154521423145216
862,11625,75.0,1965,1039,0,1965,6,1,3,2,504,11.78676973513378
863,9672,81.0,1984,1097,0,1985,6,1,3,2,480,11.931642378754141
864,7931,70.0,1959,1148,0,1959,6,1,3,1,672,11.794345471549745
865,8640,72.0,2007,1372,0,2008,6,1,3,2,529,12.43153750053306
866,8750,,1970,1002,0,1970,5,1,3,2,902,11.908346971208951
867,10656,67.0,2006,1646,0,2007,6,1,3,3,870,12.424810506025395
868,6970,85.0,1961,1120,0,1961,5,1,3,2,544,11.767575435251748
869,14762,,1948,1547,720,1950,7,1,2,2,672,12.037659911047468
870,9938,80.0,1993,1062,887,1994,8,1,3,2,574,12.371591321286905
871,6600,60.0,1962,894,0,1962,5,1,2,1,308,11.603688960617083
872,8750,70.0,1998,804,878,1998,7,1,3,2,523,12.208574513247495
873,8892,74.0,1953,910,0,1996,5,1,3,2,414,11.661354090741
874,12144,60.0,1949,1036,0,1950,6,1,3,1,288,11.798111925972618
875,5720,52.0,1941,676,455,1950,5,1,3,1,200,11.104972264124868
876,9000,75.0,2007,1184,1426,2007,11,1,4,2,550,12.623064399210183
877,25286,94.0,1963,1040,0,1963,5,1,3,2,648,11.792456911128632
878,8834,74.0,2004,1462,762,2005,10,1,4,3,738,12.765691290604371
879,11782,88.0,1961,1155,0,1995,6,1,3,2,576,11.904974309480183
880,7000,,1978,864,0,2005,6,1,3,1,336,11.824087219587643
881,7024,60.0,2005,1090,0,2006,5,1,2,2,450,11.964007453736912
882,13758,44.0,1990,1187,530,1991,7,1,3,2,400,12.141539457711714
883,9636,,1992,808,785,1993,7,1,3,2,389,12.08954444723597
884,6204,60.0,1912,954,795,1950,10,1,5,1,440,11.682676678340282
885,7150,65.0,1967,892,0,1967,5,1,3,1,288,11.51293546492023
886,5119,50.0,1999,1709,0,2000,5,1,2,2,506,12.70351207261035
887,8393,70.0,1959,1712,0,2005,8,2,4,2,588,11.884495917930655
888,16466,59.0,1955,872,521,1955,8,1,3,1,300,11.816734299348461
889,15865,95.0,1970,2217,0,1970,8,1,4,2,621,12.498745990829315
890,12160,128.0,1953,1505,0,1953,6,1,2,2,505,11.915058360753719
891,8064,60.0,1949,672,252,2006,6,1,3,2,576,11.719134432217524
892,11184,70.0,1978,918,765,1978,7,1,3,2,440,12.058158312538197
893,8414,70.0,1963,1068,0,2003,6,1,3,1,264,11.947955847790901
894,13284,,1954,1383,0,1954,6,1,3,1,354,12.013706813470414
895,7018,64.0,1979,1535,0,1979,8,2,4,2,400,11.685693195625964
896,7056,71.0,1963,983,813,1963,8,1,4,2,483,11.849404844423074
897,8765,50.0,1936,951,0,1950,6,1,2,1,327,11.575909653758895
898,7018,64.0,1979,1120,1120,1979,12,2,6,2,528,11.870278179170796
899,12919,100.0,2009,2364,0,2010,11,1,2,3,820,13.323928581764989
900,6993,65.0,1961,1236,0,1994,6,1,3,1,288,11.813037464800539
901,7340,,1971,858,0,1971,4,1,2,1,684,11.608244735642321
902,8712,64.0,1957,1306,0,2000,5,1,2,1,756,11.938199736300925
903,7875,63.0,2003,807,702,2003,8,1,3,2,393,12.100717685412471
904,14859,50.0,2006,1670,0,2006,7,1,3,3,690,12.388398368982115
905,6173,,1967,902,0,1967,6,1,3,1,288,11.74006900564972
906,9920,80.0,1954,1063,0,1954,6,1,3,1,280,11.759793355371237
907,13501,116.0,2006,1636,0,2006,8,1,3,3,865,12.449022745701502
908,11500,86.0,1936,1020,1037,1987,6,1,3,1,180,12.429220196836383
909,8885,,1983,902,0,1983,5,1,2,2,484,11.782960235741939
910,12589,149.0,2005,742,742,2005,8,1,3,2,390,12.066816325306588
911,11600,80.0,1960,1105,1169,1960,12,2,5,2,480,11.946660519211651
912,9286,,1977,1268,0,1989,5,1,3,1,252,11.874097282798648
913,6120,51.0,1925,1015,0,1950,6,1,3,1,450,11.385103457032141
914,6270,82.0,1949,1001,1001,1950,8,2,4,3,871,11.884495917930655
915,3000,30.0,2009,612,612,2009,4,1,2,2,528,12.065280672855897
916,2001,21.0,1970,546,546,1970,6,1,3,1,286,11.225256725762893
917,9000,50.0,1949,480,0,1950,4,1,1,1,308,10.471978128496518
918,17140,,1956,1229,0,1956,6,1,3,1,284,11.813037464800539
919,13125,103.0,1991,912,1215,1991,8,1,4,3,833,12.380030154325457
920,11029,87.0,1958,1414,0,2002,6,1,3,2,601,12.081081821061819
921,8462,70.0,1994,936,785,1994,7,1,3,2,471,12.211065162153215
922,8777,67.0,1900,1272,928,2003,9,2,4,0,0,11.890683588496984
923,10237,65.0,2005,1316,0,2006,6,1,3,2,397,12.043500773454495
924,8012,50.0,1993,1617,0,1994,5,1,2,2,533,12.170450649220749
925,10240,79.0,1980,1686,0,1980,7,1,3,2,612,12.242891437918386
926,15611,,1977,1126,0,1977,6,1,3,2,540,12.07254696717504
927,11999,93.0,2003,1234,1140,2004,10,1,4,3,656,12.560247968016562
928,9900,,1968,1098,880,1968,9,1,4,2,486,12.07824495582233
929,11838,,2001,1788,0,2001,7,1,3,2,522,12.373707715234994
930,13006,,1997,993,1243,1997,8,1,4,2,642,12.310437165348775
931,8925,73.0,2007,1466,0,2007,7,1,3,3,610,12.211065162153215
932,9100,70.0,1965,925,0,1965,5,1,2,1,429,11.674202123168433
933,11670,84.0,2006,1905,0,2006,8,1,3,3,788,12.676079399771027
934,8487,63.0,2004,1500,0,2004,6,1,3,2,570,12.154784614286667
935,27650,313.0,1960,2069,0,2007,9,1,4,2,505,12.396697137361691
936,5825,52.0,1926,747,0,1953,5,1,1,2,528,11.288543647320601
937,10083,67.0,2003,1200,0,2003,5,1,2,2,555,12.127575825689417
938,9675,75.0,2005,1113,858,2005,8,1,3,2,689,12.441148720271016
939,8760,73.0,2006,1391,571,2006,7,1,3,3,868,12.387560521575551
940,24090,,1940,1207,1196,1950,10,1,4,1,349,12.406565597924235
941,12640,55.0,1976,1728,0,1976,8,2,4,2,574,11.924379271639218
942,8755,,1999,1022,1038,1999,8,1,3,2,390,12.273735966890268
943,7711,42.0,1977,1440,0,1977,8,2,4,0,0,11.918397239722838
944,25000,100.0,1967,1632,0,1967,8,2,4,2,576,11.870606902224587
945,14375,,1958,1344,0,1958,7,1,3,2,525,11.83138646878959
946,8820,98.0,1890,1188,561,1996,7,1,2,2,456,11.735276702486741
947,8163,70.0,1959,1144,0,1959,6,1,3,1,796,11.870606902224587
948,14536,85.0,2002,1629,0,2003,9,1,3,3,808,12.506180941677357
949,14006,65.0,2002,936,840,2002,7,1,3,2,474,12.167856627501678
950,9360,78.0,1972,1381,0,2006,5,1,3,2,676,12.193498926601634
951,7200,60.0,1950,864,0,2002,5,1,3,2,720,11.767575435251748
952,7800,60.0,1965,965,0,1965,6,1,3,1,300,11.694421681264394
953,7200,60.0,1972,768,0,2003,5,1,2,1,396,11.804855999911272
954,11075,,1969,1168,800,1969,7,1,4,2,530,12.055255569732177
955,9400,35.0,1975,980,0,1975,4,0,4,0,0,11.755879486687116
956,7136,82.0,1946,979,979,1950,8,2,4,2,492,11.884495917930655
957,1300,24.0,1980,561,668,1980,5,1,2,2,462,11.728044909070785
958,7420,70.0,1962,1057,0,1962,6,1,3,2,576,11.790564777297387
959,8450,65.0,2003,1337,0,2003,6,1,3,2,531,12.128116509451258
960,2572,24.0,1999,696,720,1999,6,1,3,2,484,11.951186847493476
961,7207,50.0,1958,858,0,2008,4,1,2,0,0,11.665655135642039
962,12227,,1977,1542,1330,1995,11,1,4,2,619,12.513561021741964
963,2308,24.0,1976,804,744,1976,7,1,3,2,440,11.951186847493476
964,11923,122.0,2007,1800,0,2007,7,1,2,2,702,12.384223015005313
965,11316,80.0,2002,824,1070,2003,8,1,4,2,510,12.277932735946903
966,10237,65.0,2005,783,701,2007,8,1,3,2,393,12.094587859196112
967,9600,130.0,1940,976,332,1950,7,1,2,1,256,11.982935344196433
968,7390,,1955,1098,0,1955,6,1,3,1,260,11.813037464800539
969,5925,50.0,1910,600,368,1950,6,1,2,0,0,10.542732775946709
970,10382,75.0,1958,1095,0,1958,6,1,2,1,264,11.849404844423074
971,10800,60.0,1949,720,472,1950,6,1,4,0,0,11.813037464800539
972,2268,36.0,2003,764,862,2004,6,1,2,2,474,12.06105265381003
973,7892,55.0,1979,918,0,1979,5,1,2,1,264,11.507922973347437
974,11639,95.0,2007,1428,0,2008,6,1,3,2,480,12.111767460549332
975,11414,60.0,1910,1136,883,1993,8,1,3,2,532,12.02874460037869
976,2651,,2000,673,709,2000,6,1,3,2,490,12.013706813470414
977,5900,51.0,1923,869,0,1958,4,1,2,0,0,11.356283350762888
978,4274,35.0,2006,1241,0,2007,4,1,1,2,569,12.20557752297723
979,9450,68.0,1954,894,0,1954,5,1,3,2,400,11.608244735642321
980,8816,80.0,1963,1121,0,1963,5,1,3,2,480,11.842236406331555
981,12122,,1961,999,0,2007,6,1,3,2,588,12.091789104493502
982,12203,98.0,1998,1276,1336,1999,8,1,4,3,676,12.724869415131389
983,3182,43.0,2007,1266,0,2007,6,1,2,2,388,11.982278882874377
984,11250,,2002,1149,1141,2002,9,1,4,2,779,12.45254592991672
985,10125,75.0,1977,1302,432,1977,8,2,4,2,539,11.744045122410057
986,10880,68.0,1950,1164,0,1950,5,1,3,1,240,11.736077016252437
987,5310,59.0,1910,1001,634,2003,5,1,2,1,255,11.669937760751914
988,10159,83.0,2009,1940,0,2010,8,1,3,3,606,12.887129532148373
989,12046,,1976,1118,912,1976,8,1,4,2,551,12.180759965737863
990,8125,65.0,2006,778,798,2006,6,1,3,2,614,12.190964083849375
991,9452,82.0,1997,1407,985,1998,7,1,3,3,870,12.759960632315702
992,17671,121.0,1882,916,826,1986,8,1,4,2,424,12.031725210748633
993,9760,80.0,1964,1020,831,1993,7,1,3,2,440,12.138869243416009
994,8846,68.0,2005,750,750,2006,6,1,3,2,564,12.066241450757124
995,12456,96.0,2006,1718,0,2007,7,1,3,3,786,12.729323752253295
996,4712,51.0,1946,774,456,1950,5,1,3,1,305,11.7085004721646
997,10659,,1961,1050,0,1961,6,1,3,1,368,11.824087219587643
998,11717,,1970,1442,0,1970,6,1,2,2,615,12.128116509451258
999,9786,60.0,1922,1077,0,1950,6,1,3,1,210,11.418625774449596
1000,6762,64.0,2006,1208,0,2006,6,1,2,2,632,12.235636302128867
1001,10206,74.0,1952,944,0,1952,4,1,2,2,528,11.314486721293981
1002,5400,60.0,1920,691,0,1950,4,1,2,1,216,11.362114203075018
1003,11957,75.0,2006,1574,0,2006,7,1,3,3,824,12.354496960983985
1004,11500,,1976,1680,0,1976,8,2,4,2,528,11.827049837927534
1005,3182,43.0,2005,1504,0,2006,7,1,1,2,457,12.10625783509458
1006,8385,65.0,1977,985,0,1977,6,1,3,1,328,11.917730355182513
1007,12155,,1970,1657,0,1970,7,1,3,2,484,12.004574385508691
1008,2217,21.0,1970,546,546,1970,6,1,3,1,286,11.385103457032141
1009,12118,43.0,2004,1710,0,2005,7,1,3,2,550,12.388398368982115
1010,6000,60.0,1926,1008,0,1950,7,1,4,0,0,11.532737896139919
1011,21286,115.0,1948,720,551,1950,7,1,4,1,312,11.813037464800539
1012,9825,75.0,1965,1664,0,1965,8,2,4,0,0,11.51293546492023
1013,10592,55.0,1923,900,602,1996,7,1,3,1,180,12.013706813470414
1014,7200,60.0,1910,1022,0,2006,4,1,2,1,280,11.350418300109132
1015,11664,60.0,1948,1082,0,1950,5,1,2,1,240,11.688566422839942
1016,8400,70.0,2001,810,855,2001,6,1,3,2,528,12.33270970174018
1017,11883,73.0,1996,1504,0,1996,6,1,3,2,478,12.220966184120165
1018,5814,,1984,1360,0,1984,4,1,1,2,565,12.141539457711714
1019,10784,,1991,802,670,1992,7,1,3,2,402,11.982935344196433
1020,3013,43.0,2005,1506,0,2005,6,1,2,2,440,12.271349956195543
1021,7024,60.0,2005,1132,0,2005,5,1,2,2,451,12.07824495582233
1022,7406,64.0,2006,1220,0,2006,6,1,2,2,632,12.175618592671356
1023,9439,52.0,1930,912,336,1950,6,1,2,1,160,11.373674891823535
1024,3182,43.0,2005,1504,0,2006,7,1,2,2,437,12.160033942617156
1025,15498,,1976,2898,0,1976,10,1,2,2,665,12.567240979056246
1026,7700,70.0,1972,882,0,1972,5,1,3,2,461,11.630717389475995
1027,9300,73.0,1960,1264,0,1960,6,1,3,2,461,12.02874460037869
1028,9520,71.0,2007,1646,0,2008,7,1,3,3,800,12.588194064175278
1029,9492,79.0,1941,968,408,1950,6,1,3,1,240,11.561725152903833
1030,1680,21.0,1972,672,546,1972,7,1,3,1,264,11.678448377988165
1031,7082,,1916,948,980,1995,10,2,5,0,0,11.982935344196433
1032,15863,102.0,1920,1687,998,1970,12,1,5,2,672,12.190964083849375
1033,14541,,1993,1352,1168,1993,10,1,5,3,796,12.644330802262578
1034,8125,,2002,1654,0,2002,6,1,3,3,900,12.345838935721968
1035,6305,50.0,1938,954,0,1950,5,1,2,1,240,11.693169865968983
1036,11500,,1957,845,0,1957,5,1,3,1,290,11.338583982516495
1037,12898,89.0,2007,1620,0,2008,6,1,2,3,912,12.66191713053049
1038,9240,,2001,1055,1208,2002,7,1,3,2,905,12.567240979056246
1039,1533,21.0,1970,798,546,2008,6,1,3,0,0,11.48247656671073
1040,1477,21.0,1970,630,0,1970,3,1,1,1,286,11.289794413577894
1041,13125,88.0,1957,1803,0,2000,8,1,3,2,484,11.951186847493476
1042,9130,,1966,800,832,2000,7,1,4,2,484,12.06105265381003
1043,5381,34.0,2005,1306,0,2005,5,1,1,2,624,12.185875040240456
1044,11839,86.0,1990,1532,797,1990,10,1,4,2,514,12.47717172708952
1045,9600,80.0,1981,2524,0,1981,9,1,4,2,542,12.535379989788607
1046,13680,,1955,1733,0,1955,8,1,4,2,452,11.846543632608535
1047,16056,85.0,2005,1992,876,2006,11,1,4,3,716,13.229569788348705
1048,9245,57.0,1994,990,0,1995,5,1,3,2,672,11.884495917930655
1049,21750,100.0,1960,1771,0,2006,9,1,3,2,336,11.652696102959753
1050,11100,60.0,1946,930,0,2006,6,1,2,1,308,11.349241150793087
1051,8993,73.0,2007,1302,0,2007,6,1,3,2,436,12.080996832096167
1052,11175,103.0,2007,1316,0,2007,6,1,3,2,440,12.206782393599413
1053,9500,100.0,1964,1127,850,1978,9,1,4,2,540,12.013706813470414
1054,8562,68.0,1957,1526,0,2002,7,1,4,1,364,11.881041706925902
1055,11367,90.0,2002,1091,898,2002,7,1,3,2,586,12.449022745701502
1056,11361,104.0,1976,1523,0,1976,7,1,3,2,478,12.100717685412471
1057,7052,43.0,2005,1364,0,2005,6,1,2,2,484,12.13270055639427
1058,29959,,1994,979,871,1994,7,1,3,2,467,12.421188057397055
1059,11308,96.0,2008,1130,1054,2008,10,1,3,3,836,12.721888795877375
1060,11275,,1932,1096,895,1950,7,1,3,2,432,12.301387370778713
1061,4920,41.0,2001,1338,0,2001,6,1,2,2,582,12.271396795480596
1062,18000,120.0,1935,894,0,1950,6,1,2,3,1248,11.302216779257382
1063,13600,85.0,1900,1422,915,1950,10,2,5,2,560,11.407576060361786
1064,6000,50.0,1925,1103,0,1980,5,1,2,2,440,11.612779849672751
1065,11000,,1966,1154,0,1966,6,1,3,2,480,11.944714374881176
1066,14000,80.0,1996,1306,954,1997,7,1,3,2,533,12.700771936142122
1067,7837,59.0,1993,799,772,1994,7,1,3,2,380,12.08954444723597
1068,9760,80.0,1964,798,813,1964,7,1,4,2,442,12.031129798974042
1069,3964,42.0,1973,1291,1230,1973,10,1,5,2,576,11.927687224983487
1070,9600,60.0,1949,893,0,2003,4,1,2,2,576,11.813037464800539
1071,10152,72.0,1956,1048,0,1956,6,1,3,1,286,11.813037464800539
1072,11700,78.0,1968,829,727,1968,8,1,4,2,441,11.944714374881176
1073,7585,50.0,1948,1002,454,1950,7,1,4,1,280,11.424105180165641
1074,7950,75.0,1977,698,728,1977,6,1,3,2,440,11.979805470779858
1075,8556,74.0,2006,1240,0,2006,5,1,2,3,826,12.175618592671356
1076,13125,75.0,1940,960,780,1984,6,1,3,1,240,12.299112067295642
1077,10800,60.0,1936,1096,370,1989,7,1,3,2,566,12.04355959836804
1078,15870,,1969,1096,0,1969,6,1,3,1,299,11.840796531639839
1079,4435,37.0,2004,848,0,2004,3,1,1,2,420,11.956976469393481
1080,8775,65.0,1994,990,0,1994,5,1,3,1,299,11.744045122410057
1081,11040,80.0,1971,1258,0,2004,5,1,3,2,528,11.884495917930655
1082,7500,75.0,1963,1040,0,1963,5,1,3,1,308,11.798111925972618
1083,8749,70.0,2002,1459,0,2002,6,1,3,2,527,12.165255859329688
1084,8800,80.0,1964,1251,0,1964,6,1,3,1,461,11.982935344196433
1085,13031,,1995,691,807,1996,6,1,3,2,409,12.141539457711714
1086,9069,73.0,1992,996,0,1992,5,1,2,2,564,11.898194668458823
1087,1974,,1973,546,546,1973,6,1,3,1,286,11.332613886815139
1088,10574,85.0,2005,1082,871,2006,9,1,3,3,1043,12.437188334739655
1089,2522,24.0,2004,970,739,2004,7,1,3,2,380,11.83138646878959
1090,3316,37.0,2005,1247,0,2005,4,1,1,2,550,12.190964083849375
1091,8544,60.0,1950,1040,0,1950,6,2,2,2,400,11.439289689006644
1092,2160,24.0,1999,624,628,2000,4,1,2,2,462,11.982935344196433
1093,8400,60.0,1925,1390,304,1950,7,1,4,2,576,11.824087219587643
1094,9230,71.0,1965,1200,0,1998,6,1,1,2,884,11.891368749982085
1095,5868,74.0,1956,936,0,2000,4,1,2,1,308,11.767575435251748
1096,9317,78.0,2006,1314,0,2006,6,1,3,2,440,12.080696479888447
1097,6882,60.0,1914,773,582,2006,7,1,3,0,0,11.751950239425476
1098,3696,,1986,1088,0,1986,5,1,2,2,461,12.04355959836804
1099,6000,50.0,1936,757,567,1950,6,1,3,1,240,11.759793355371237
1100,11880,82.0,1978,1601,0,1978,7,1,3,2,478,11.964007453736912
1101,8400,60.0,1920,438,0,1950,3,1,1,1,246,11.002116507732017
1102,9758,61.0,1971,950,0,1971,5,1,3,1,280,11.691080018519527
1103,7000,70.0,1960,1134,0,2002,6,1,2,1,254,11.813037464800539
1104,8910,79.0,1959,1194,0,1959,6,1,3,2,539,11.979805470779858
1105,2016,24.0,1970,630,672,1970,6,1,3,2,440,11.571203807011969
1106,12256,98.0,1994,1500,1122,1995,9,1,3,2,712,12.691583538230217
1107,10357,114.0,1990,1442,0,1991,6,1,3,2,719,12.100161978566867
1108,23257,168.0,2006,887,1134,2006,9,1,3,2,422,12.52352951631214
1109,8063,,2000,948,742,2000,7,1,3,2,463,12.10625783509458
1110,11362,107.0,2004,1836,0,2005,7,1,3,3,862,12.54254845357358
1111,8000,,1995,773,885,1996,8,1,3,2,431,12.144202560946876
1112,10480,80.0,1976,1098,866,1976,8,1,4,2,483,12.230770136157428
1113,7100,73.0,1957,816,0,1957,5,1,2,1,308,11.774527900858468
1114,8923,66.0,1953,1008,0,2006,6,1,2,1,240,11.80932691294063
1115,5400,90.0,1954,833,0,2000,4,1,2,1,326,11.669937760751914
1116,12085,93.0,2007,1734,0,2007,7,1,3,3,928,12.669809806411457
1117,7750,,2002,779,640,2002,7,1,3,2,527,12.123239799036943
1118,9764,57.0,1967,894,0,2003,5,1,3,2,450,11.775297421715827
1119,13825,85.0,1958,1021,580,1987,6,1,3,1,300,11.849404844423074
1120,7560,70.0,1959,1040,0,1959,6,1,3,1,286,11.803361242493628
1121,8263,59.0,1920,1012,0,1950,6,1,2,1,308,11.681832447342321
1122,10084,84.0,2005,1552,0,2006,7,1,3,3,782,12.268582547911404
1123,8926,,1956,960,0,1956,5,1,3,1,288,11.626263078808801
1124,9405,50.0,1947,698,0,2008,4,1,2,0,0,11.678448377988165
1125,9125,,1992,812,670,1992,7,1,3,2,392,12.007017865994577
1126,10434,60.0,1955,1005,0,1955,5,1,2,2,672,11.652696102959753
1127,3684,53.0,2007,1555,0,2007,7,1,2,3,660,12.066816325306588
1128,14572,182.0,2004,1530,0,2004,7,1,3,3,630,12.464587201678082
1129,11796,59.0,2004,847,1112,2005,8,1,4,2,434,12.278397958261774
1130,7200,60.0,1980,936,0,1980,4,1,2,2,672,11.849404844423074
1131,7804,65.0,1928,1328,653,1950,7,1,4,2,576,11.813037464800539
1132,10712,63.0,1991,974,0,1992,5,1,3,0,0,11.445727410406752
1133,9900,90.0,1880,1178,1032,1950,8,1,5,1,205,11.674202123168433
1134,9828,80.0,1995,1142,878,1995,8,1,3,2,466,12.386312871189734
1135,8773,57.0,1997,916,684,1997,7,1,3,2,460,12.037659911047468
1136,6180,60.0,1926,986,0,1950,5,1,2,1,180,11.532737896139919
1137,9600,80.0,1950,1032,220,1950,6,1,3,1,288,11.686887175419702
1138,6342,54.0,1875,780,240,1996,6,1,2,0,0,11.451060699493427
1139,9819,,1977,1567,0,1977,5,1,2,2,714,12.185875040240456
1140,8731,98.0,1920,1167,0,1950,6,1,3,2,495,11.87757552297847
1141,7350,60.0,1951,952,0,1951,4,1,2,2,840,11.842236406331555
1142,10304,,1976,1088,780,1976,9,1,4,2,484,12.193498926601634
1143,9965,77.0,2006,1466,1362,2007,11,1,4,3,1052,12.959540872420414
1144,9000,,1959,1006,0,1959,5,1,3,0,0,11.289794413577894
1145,12180,60.0,1941,672,252,1950,5,1,2,1,280,11.289794413577894
1146,6240,52.0,1928,1042,534,1950,8,1,3,1,225,11.91170829631447
1147,11200,,1985,1298,0,1985,5,1,3,2,403,12.100717685412471
1148,12000,75.0,1941,860,704,1950,7,1,3,1,234,12.069685751267224
1149,5700,,1926,572,539,1950,5,1,2,1,288,11.669082701743504
1150,9000,50.0,1920,832,650,1988,7,1,3,2,324,11.870606902224587
1151,8280,57.0,1950,932,0,1950,4,1,2,1,306,11.728044909070785
1152,17755,134.0,1959,1466,0,1959,6,1,3,2,528,11.917730355182513
1153,14115,90.0,1956,1811,0,2004,6,1,2,2,470,12.345838935721968
1154,5890,,1930,816,0,2007,5,1,2,1,432,11.699413330633599
1155,13700,,1965,902,918,1988,8,1,4,2,492,12.215037342290755
1156,10768,90.0,1976,1437,0,2004,6,1,3,2,528,12.292254928916668
1157,9350,85.0,1965,1265,0,1999,6,1,3,2,502,12.100161978566867
1158,5001,34.0,2007,1314,0,2008,6,1,2,2,626,12.345838935721968
1159,11932,92.0,2007,1580,0,2008,7,1,3,3,830,12.367889578686164
1160,9120,76.0,1974,943,933,1974,8,1,4,2,540,12.128116509451258
1161,2280,24.0,1978,855,601,1978,7,1,3,2,440,11.891368749982085
1162,14778,,1954,1640,0,2006,7,1,3,2,924,12.319405795112926
1163,8724,109.0,1968,894,0,1968,5,1,3,2,450,11.767575435251748
1164,12900,60.0,1969,1258,0,1969,6,2,0,2,400,11.59873612138334
1165,16157,,1978,1432,0,1978,5,1,2,2,588,12.175618592671356
1166,9541,79.0,2009,1502,0,2009,7,1,3,2,644,12.359527368950229
1167,10475,64.0,2008,1694,0,2008,7,1,3,3,776,12.41044511731981
1168,10852,58.0,2000,959,712,2000,7,1,3,2,472,12.06105265381003
1169,13728,120.0,1935,1236,872,1986,7,1,4,2,540,12.367345048436391
1170,35760,118.0,1995,1831,1796,1996,10,1,4,3,807,13.345508528717259
1171,9880,76.0,1977,1118,0,1977,6,1,3,1,358,12.049424683420915
1172,9120,76.0,1958,1261,0,1958,6,1,3,2,433,12.001511614739405
1173,4017,35.0,2006,625,625,2007,5,1,2,2,625,12.05467400868968
1174,18030,138.0,1946,1636,971,1994,12,1,3,0,0,12.208574513247495
1175,16560,80.0,1932,1170,1175,1950,9,1,4,2,360,12.384223015005313
1176,10678,85.0,1992,2129,743,2000,9,1,4,2,541,12.560247968016562
1177,6951,37.0,1984,923,0,1985,5,1,3,1,264,11.691080018519527
1178,3950,,1926,818,406,2004,5,1,3,1,210,11.652696102959753
1179,7681,54.0,1921,820,523,1950,7,1,3,1,186,11.950541482162043
1180,8335,77.0,1954,1124,0,1954,5,1,3,0,0,11.440365524765756
1181,11170,,1990,1298,1216,1991,8,1,4,2,693,12.429220196836383
1182,5587,64.0,2008,1652,0,2008,5,1,2,2,482,12.880294363972055
1183,15623,160.0,1996,2411,2065,1996,10,1,4,3,813,13.521140839642674
1184,10800,60.0,1920,1130,0,1950,5,1,2,2,720,11.695255355062795
1185,35133,50.0,1963,1572,0,1963,5,1,3,3,995,12.137263685701864
1186,9738,60.0,1924,949,272,1950,7,1,4,1,392,11.560772327227417
1187,10615,107.0,1900,1014,685,1970,7,2,3,2,420,11.461642696843066
1188,12461,89.0,1994,1624,0,1995,5,1,2,3,757,12.476103599529843
1189,8935,68.0,2002,831,829,2002,7,1,3,2,493,12.180759965737863
1190,7500,60.0,1999,1028,776,1999,7,1,3,2,442,12.149507585033072
1191,32463,,1961,1622,0,1975,7,1,3,4,1356,12.031725210748633
1192,2645,24.0,1999,764,677,2000,5,1,2,2,492,12.066816325306588
1193,9600,60.0,1925,842,630,1994,6,1,3,1,250,11.736077016252437
1194,4500,,1999,1224,0,1999,5,1,2,2,402,12.013706813470414
1195,9364,80.0,1969,663,689,1969,7,1,4,1,299,11.970356641102999
1196,8029,51.0,2005,728,728,2005,8,1,3,2,400,12.07824495582233
1197,14054,58.0,2006,879,984,2006,9,1,4,3,660,12.29779001527865
1198,8850,65.0,1916,815,875,1950,7,1,3,1,225,11.87757552297847
1199,9100,70.0,2001,1212,0,2001,6,1,3,2,573,12.08954444723597
1200,11235,75.0,1963,1382,0,1979,6,1,3,2,459,11.904974309480183
1201,9353,71.0,1970,864,0,1970,5,1,3,1,280,11.6617850286409
1202,10400,80.0,1998,866,913,1998,6,1,3,2,546,12.19552218463499
1203,6000,50.0,1925,884,464,1997,5,1,3,1,216,11.669937760751914
1204,9750,75.0,2000,1630,0,2001,6,1,3,2,451,12.269052139516223
1205,10140,78.0,1975,1074,0,1975,6,1,3,2,495,11.941462360646149
1206,14684,90.0,1990,2196,0,1991,7,1,3,3,701,12.513193308436527
1207,8900,,1966,1056,0,1966,5,1,2,1,384,11.580593459194764
1208,9135,70.0,2003,1700,0,2003,7,1,3,2,544,12.206077645517674
1209,7763,70.0,1962,1283,0,1980,6,1,3,2,506,11.849404844423074
1210,10182,85.0,2006,1660,0,2006,8,1,3,2,500,12.577639650232573
1211,11218,70.0,1992,1055,790,1992,8,1,3,2,462,12.149507585033072
1212,12134,152.0,1988,1080,672,2005,8,1,4,2,492,12.00762780434872
1213,9340,50.0,1941,672,0,1950,4,1,2,1,234,11.635151947212842
1214,10246,,1965,960,0,2001,3,1,0,1,364,11.884495917930655
1215,10205,69.0,1962,999,0,1962,6,1,3,1,300,11.80932691294063
1216,7094,99.0,1966,894,0,1966,5,1,3,1,384,11.736077016252437
1217,8930,68.0,1978,1318,584,1978,8,2,4,2,539,11.626263078808801
1218,8640,72.0,2009,1314,0,2009,6,1,3,2,552,12.343470927093518
1219,6240,52.0,1947,672,240,1950,3,1,2,0,0,11.296024885689746
1220,1680,21.0,1971,672,546,1971,7,1,3,0,0,11.424105180165641
1221,7800,66.0,1964,912,0,1964,5,1,2,1,288,11.652696102959753
1222,8250,55.0,1968,1211,0,1968,5,1,3,1,322,11.80560254159177
1223,10496,78.0,1949,1168,678,1950,7,1,3,1,315,11.870606902224587
1224,10680,89.0,1951,2136,0,1951,7,1,4,2,528,11.834291315386718
1225,15384,60.0,2004,788,702,2005,8,1,3,2,388,12.122696471358964
1226,10482,65.0,1958,1138,0,1958,6,1,3,1,264,11.884495917930655
1227,14598,86.0,2007,894,1039,2007,9,1,4,3,668,12.273735966890268
1228,8872,72.0,1965,912,0,2008,5,1,2,2,576,11.898194668458823
1229,8769,65.0,2008,1702,0,2008,7,1,1,3,1052,12.813920618864572
1230,7910,70.0,1960,1507,0,1960,7,1,4,1,404,11.751950239425476
1231,18890,,1977,1361,1259,1977,12,2,4,2,600,12.154784614286667
1232,7728,70.0,1962,1190,0,1962,6,1,3,2,540,11.794345471549745
1233,9842,70.0,1962,1224,0,1962,6,2,2,2,462,11.530775206233024
1234,12160,,1959,1188,0,1959,6,1,3,2,531,11.863589378812122
1235,8525,55.0,1911,1024,940,1950,7,1,4,0,0,11.775297421715827
1236,13132,96.0,1914,892,892,1950,9,1,4,1,180,11.841423131921784
1237,2628,36.0,2003,764,862,2003,6,1,2,2,474,12.075400019877522
1238,12393,41.0,2004,847,1101,2005,8,1,4,2,434,12.180759965737863
1239,13072,63.0,2005,1141,0,2005,6,1,3,2,484,11.86710429621008
1240,9037,64.0,2006,1484,0,2006,6,1,2,2,472,12.490879338036375
1241,8158,65.0,2003,884,884,2003,8,1,3,2,543,12.323415584358154
1242,9849,83.0,2007,1689,0,2007,7,1,3,3,954,12.42250975887691
1243,10625,85.0,1974,1173,0,1974,6,1,3,2,528,12.04355959836804
1244,13891,107.0,2006,2076,0,2006,7,1,2,3,850,13.049794835104816
1245,11435,,1929,792,725,1950,7,1,3,2,400,12.345838935721968
1246,12090,78.0,1984,1140,728,2003,7,1,3,2,477,12.08954444723597
1247,8125,65.0,2005,756,797,2006,6,1,3,2,615,12.136191879981927
1248,12328,,1976,1034,0,1976,6,1,3,3,888,12.042971193457888
1249,9600,60.0,1917,1134,924,1950,8,1,3,2,396,11.771443882099637
1250,7200,60.0,1950,988,0,1950,6,1,3,1,276,11.686887175419702
1251,11160,93.0,1968,2110,0,1968,8,1,3,2,522,12.404927602627597
1252,3136,,2003,1405,0,2003,6,1,2,2,478,12.053801032483948
1253,9858,62.0,1968,874,0,1968,5,1,3,1,288,11.775297421715827
1254,17542,,1974,1516,651,2003,9,1,3,2,518,12.591338447675579
1255,6931,60.0,2003,760,896,2004,7,1,3,2,397,12.016128107502665
1256,6240,52.0,1931,959,408,1950,6,1,3,1,560,11.755879486687116
1257,14303,91.0,1994,1987,0,1994,7,1,2,2,691,12.616528611893463
1258,4060,56.0,1922,864,0,1950,4,1,2,0,0,11.511934974596555
1259,9587,59.0,2005,1166,0,2005,5,1,2,2,400,12.154784614286667
1260,9750,65.0,1969,1054,0,1969,6,1,3,2,460,11.92504173829169
1261,24682,,1999,892,783,1999,7,1,3,2,502,12.10625783509458
1262,9600,80.0,1956,1050,0,1956,5,1,2,1,338,11.766799946849087
1263,11250,,1957,1104,684,1989,8,1,5,1,304,11.992266613576142
1264,13515,60.0,1919,1060,764,1950,8,1,3,2,520,12.103491596905931
1265,4060,34.0,1998,1337,0,1999,5,1,2,2,511,12.10625783509458
1266,3735,35.0,1999,713,739,1999,6,1,3,2,506,12.12215284831553
1267,10120,60.0,1910,964,925,1950,9,2,4,1,308,11.711784520403112
1268,13214,89.0,2008,2018,0,2009,10,1,3,3,746,12.843973993864076
1269,14100,,1935,1968,1479,1997,11,1,4,3,1014,12.850557278777309
1270,11344,78.0,1958,874,650,1958,7,1,3,1,315,11.87757552297847
1271,23595,,1979,1332,192,1979,4,1,0,2,586,12.468440756144114
1272,9156,,1968,1489,0,1968,7,1,3,2,462,12.132162346145595
1273,13526,,1965,935,0,1965,5,1,3,1,288,11.827743504053695
1274,11512,124.0,1959,1357,0,2006,5,1,2,1,312,12.083910661257521
1275,5362,53.0,1910,661,589,2003,8,1,3,2,552,11.842236406331555
1276,11345,95.0,1948,928,992,1950,10,2,4,2,400,11.827743504053695
1277,12936,,1972,735,660,1972,6,1,3,2,497,11.995357787034976
1278,17871,,1967,1724,0,1976,7,1,3,2,480,12.19552218463499
1279,9473,75.0,2002,1128,903,2002,7,1,3,2,577,12.37581963951765
1280,7500,60.0,1920,698,430,1950,6,1,2,2,528,11.133142723386813
1281,9808,67.0,2002,1573,0,2002,6,1,3,2,544,12.33270970174018
1282,8049,50.0,1990,1339,0,1990,6,1,2,2,484,12.100717685412471
1283,8800,61.0,1977,1040,0,2008,5,1,3,2,484,11.921725007667265
1284,9400,94.0,1971,912,912,1971,8,2,4,0,0,11.842236406331555
1285,9638,50.0,1919,1699,748,1990,10,1,4,1,336,12.037659911047468
1286,6000,50.0,1939,825,587,1950,6,1,4,1,280,11.794345471549745
1287,9790,,1963,1328,0,1963,6,1,3,2,528,11.870606902224587
1288,36500,,1964,1582,0,1964,7,1,4,2,390,12.154784614286667
1289,5664,40.0,2000,1659,0,2000,5,1,2,2,499,12.535379989788607
1290,11065,86.0,2006,1120,850,2006,8,1,3,3,753,12.546113507028412
1291,14112,,1964,1152,0,1964,6,1,3,2,484,12.103491596905931
1292,1680,21.0,1972,630,672,1972,6,1,3,1,264,11.691080018519527
1293,6600,60.0,1892,1378,994,1965,11,2,4,1,432,11.58525542883217
1294,10140,78.0,1976,832,832,1976,8,1,4,2,528,12.000897933306716
1295,8172,60.0,1955,864,0,1990,5,1,2,2,572,11.652696102959753
1296,8400,70.0,1968,1052,0,1968,5,1,3,1,288,11.83863282480007
1297,8700,80.0,1963,1128,0,1963,6,1,3,2,525,11.951186847493476
1298,3675,35.0,2005,1072,0,2006,5,1,2,2,525,11.849404844423074
1299,63887,313.0,2008,4692,950,2008,12,1,3,2,1418,11.982935344196433
1300,7500,75.0,1959,1246,0,1994,6,1,3,1,305,11.944714374881176
1301,10762,,1999,1005,978,1999,9,1,3,2,490,12.323860125621126
1302,7500,,1942,753,741,1950,7,1,3,1,213,12.086731521684555
1303,10120,92.0,1994,1203,1323,1994,8,1,4,3,844,12.577639650232573
1304,8688,73.0,2005,1616,0,2005,7,1,3,3,834,12.354496960983985
1305,3363,32.0,2004,976,732,2004,7,1,3,2,380,11.775297421715827
1306,13173,108.0,2006,1652,0,2007,6,1,2,2,840,12.691583538230217
1307,6955,48.0,2005,1368,0,2006,6,1,2,2,474,12.218500103788143
1308,8072,60.0,1994,990,0,1995,5,1,3,2,480,11.835016210489899
1309,12000,100.0,1948,1122,0,2005,6,1,2,2,528,11.898194668458823
1310,7153,,1991,1294,0,1991,6,1,3,2,496,12.09626335986454
1311,17500,100.0,1959,1902,0,2002,7,1,3,2,567,12.721888795877375
1312,8814,68.0,2005,1274,0,2007,6,1,3,2,508,12.220966184120165
1313,9572,,1990,1453,1357,1990,9,1,4,2,750,12.618185607609803
1314,14774,108.0,1999,1422,1177,1999,10,1,4,3,779,12.716405147731708
1315,8190,60.0,1954,948,0,1954,5,1,3,1,280,11.686887175419702
1316,11075,85.0,1969,1092,1020,1969,9,1,4,2,576,12.239995696974733
1317,10226,61.0,2008,1630,0,2008,8,1,3,3,860,12.596403811053621
1318,4230,47.0,2006,1352,0,2007,5,1,2,2,466,12.249615734512616
1319,14781,,2001,1787,0,2002,7,1,3,3,748,12.524530013005734
1320,10215,75.0,1954,948,0,1954,5,1,3,1,248,11.6172944892629
1321,8400,70.0,1957,1478,0,1957,6,1,3,2,442,11.960817678718287
1322,6627,,1949,720,0,1950,4,1,2,1,287,11.19135563385109
1323,10186,107.0,1992,1061,862,1992,8,1,3,2,564,12.154784614286667
1324,5330,50.0,1940,708,0,1950,5,1,2,0,0,11.320565693461432
1325,9986,75.0,2006,1795,0,2007,7,1,2,3,895,11.898194668458823
1326,3636,40.0,1922,796,0,1950,5,1,2,0,0,10.915106645867503
1327,4270,70.0,1931,774,0,2006,6,1,3,0,0,11.277215789596893
1328,6600,60.0,1982,816,0,2008,5,1,3,1,264,11.779136168550774
1329,10440,60.0,1920,1584,1208,1950,8,1,5,2,520,12.45293662970407
1330,9084,63.0,1998,955,677,1998,8,1,3,2,462,12.081081821061819
1331,10000,85.0,2006,1588,0,2006,7,1,3,3,825,12.33270970174018
1332,10780,55.0,1976,954,0,1976,6,1,3,2,576,11.794345471549745
1333,8877,67.0,1938,816,0,1958,3,1,2,1,288,11.51293546492023
1334,7200,60.0,1938,803,557,1995,6,1,2,1,297,11.74006900564972
1335,2368,24.0,1970,765,600,1970,7,1,3,2,440,11.736077016252437
1336,9650,80.0,1977,1334,0,1977,6,1,2,2,630,12.031129798974042
1337,9246,87.0,1973,1656,0,1973,8,2,4,2,506,11.813037464800539
1338,4118,153.0,1941,693,0,1950,4,1,2,0,0,10.868587496017359
1339,13450,95.0,2002,920,941,2002,8,1,3,2,492,12.206077645517674
1340,9560,120.0,1972,864,0,1972,5,1,3,1,288,11.763691965388299
1341,8294,70.0,1971,872,0,1971,5,1,3,4,480,11.719947764402807
1342,13695,66.0,2003,1114,0,2004,6,1,3,2,576,11.951186847493476
1343,9375,,2002,1284,885,2002,7,1,3,2,647,12.339295865674435
1344,7558,57.0,1928,1172,741,1950,9,1,3,2,342,12.083910661257521
1345,11103,85.0,2006,728,728,2006,8,1,3,2,440,11.95655945119582
1346,6000,50.0,1920,960,0,1950,5,1,2,1,308,11.59451466851004
1347,20781,,1968,2156,0,2003,9,1,3,2,508,12.47801017053037
1348,15306,93.0,2006,1776,0,2007,7,1,3,3,712,12.554840409959793
1349,16196,,1998,1494,0,1998,5,1,3,2,514,12.278397958261774
1350,5250,50.0,1872,938,1215,1987,8,1,4,0,0,11.711784520403112
1351,11643,91.0,1969,1338,1296,1969,12,2,6,4,968,12.206077645517674
1352,9247,70.0,1962,858,858,1962,8,1,4,2,490,12.049424683420915
1353,6000,50.0,1937,786,390,2000,4,1,2,2,624,11.812296455066814
1354,14720,56.0,1995,2053,1185,1996,9,1,4,3,666,12.923914877701906
1355,10316,,2000,992,873,2000,7,1,3,3,839,12.367345048436391
1356,10192,102.0,1968,1222,698,1992,8,1,4,2,487,12.04355959836804
1357,9477,,1966,892,0,1966,5,1,3,1,264,11.608244735642321
1358,12537,,1971,1078,0,2008,6,1,3,2,500,11.917730355182513
1359,2117,,2000,769,804,2000,5,1,3,2,440,12.086731521684555
1360,16737,129.0,2004,1980,0,2005,8,1,3,3,770,12.660331092405906
1361,9842,51.0,1921,990,1611,1998,8,1,4,2,621,12.149507585033072
1362,16158,124.0,2005,1530,0,2005,7,1,3,2,430,12.468440756144114
1363,12513,,1920,1281,457,2007,7,1,4,1,368,11.560772327227417
1364,8499,73.0,2006,616,796,2007,6,1,3,2,432,11.963574241653713
1365,3180,30.0,2005,520,600,2005,4,1,2,2,480,11.878630514504515
1366,7500,,2000,814,860,2000,7,1,3,2,663,12.283038316285214
1367,9179,68.0,1999,882,908,1999,7,1,3,2,588,12.170450649220749
1368,2665,41.0,1977,925,550,1977,6,1,4,1,336,11.751950239425476
1369,4435,,2003,848,0,2004,4,1,1,2,420,11.87757552297847
1370,10635,48.0,2003,1668,0,2003,8,1,3,2,502,12.354496960983985
1371,5400,90.0,1920,840,534,1950,6,1,2,1,338,11.561725152903833
1372,9600,80.0,1955,1661,0,1996,8,1,3,1,377,12.016732516077072
1373,9750,75.0,1998,1108,989,1998,8,1,3,2,583,12.521981322562505
1374,11400,,2001,2633,0,2002,8,1,2,3,804,13.05301544288996
1375,10625,85.0,2005,1026,932,2005,9,1,3,3,936,12.429220196836383
1376,10991,89.0,2007,1571,0,2007,7,1,3,3,722,12.384223015005313
1377,6292,52.0,1930,790,0,1950,4,1,2,1,160,11.418625774449596
1378,10998,60.0,1941,984,620,1960,6,1,3,2,660,11.669937760751914
1379,1953,21.0,1973,483,504,1973,5,1,2,1,264,11.326607934898927
1380,9735,73.0,2006,754,640,2007,7,1,3,2,400,12.02874460037869
1381,8212,45.0,1914,864,0,1950,5,1,2,1,200,10.97679912709094
1382,12925,,1970,2117,0,1970,7,1,4,2,550,12.377927112974284
1383,7200,60.0,1920,998,764,1950,8,1,4,2,576,11.964007453736912
1384,25339,,1918,1416,0,2007,7,1,3,2,576,11.626263078808801
1385,9060,60.0,1939,698,560,1950,6,1,2,1,280,11.561725152903833
1386,5436,40.0,1922,796,358,2007,7,1,3,1,240,11.74006900564972
1387,16692,80.0,1978,1392,1392,1978,12,1,5,2,564,12.429220196836383
1388,8520,60.0,1916,1664,862,1950,10,1,5,1,216,11.820417517632333
1389,14892,42.0,2006,1746,0,2007,7,1,3,3,758,12.84132849667433
1390,6000,60.0,1941,869,349,1950,6,1,3,2,440,11.782960235741939
1391,9100,70.0,2000,1525,0,2000,6,1,3,2,541,12.367345048436391
1392,8944,65.0,1967,1584,0,1967,8,2,4,3,792,11.728044909070785
1393,7838,68.0,1967,900,0,1967,6,1,3,1,288,11.719947764402807
1394,10800,60.0,1905,1221,691,2000,7,2,3,2,672,12.001511614739405
1395,4045,53.0,2006,1500,0,2006,6,1,2,3,648,12.415437707935368
1396,12665,88.0,2005,1133,1349,2006,9,1,4,3,642,12.546871224308068
1397,57200,,1948,1687,0,1950,7,1,3,2,572,11.982935344196433
1398,6120,51.0,1920,939,574,2004,8,1,4,1,180,11.83138646878959
1399,7200,60.0,1950,1136,768,1982,7,1,3,1,240,11.835016210489899
1400,6171,51.0,1925,1160,448,1990,7,1,3,1,216,11.831022768939789
1401,6000,50.0,1929,950,208,1950,5,1,3,1,208,11.695255355062795
1402,7415,62.0,2004,864,729,2004,8,1,3,2,398,12.170450649220749
1403,6762,64.0,2006,1294,0,2006,6,1,2,2,662,12.174994689959313
1404,15256,49.0,2007,1464,0,2007,6,1,3,3,754,12.552930054797935
1405,10410,60.0,1915,694,520,1950,6,1,3,3,936,11.561725152903833
1406,3842,44.0,2004,1646,0,2005,5,1,2,2,482,12.524530013005734
1407,8445,70.0,1972,768,0,2007,5,1,2,2,396,11.798111925972618
1408,8780,,1985,833,0,1985,5,1,3,0,0,11.626263078808801
1409,7740,60.0,1910,741,622,1950,6,1,3,2,528,11.74006900564972
1410,20544,46.0,1986,1236,857,1991,7,1,3,2,542,12.278397958261774
1411,12420,79.0,2001,944,896,2001,6,1,3,2,622,12.345838935721968
1412,9600,80.0,1950,1112,556,2005,6,1,3,1,271,11.849404844423074
1413,7200,60.0,1949,1040,0,1950,6,2,2,2,420,11.407576060361786
1414,10994,88.0,2005,1844,0,2006,7,1,2,2,620,12.456835254920371
1415,13053,64.0,1923,1053,795,2000,8,1,4,2,370,12.240478903153711
1416,3635,51.0,2007,1569,0,2007,7,1,1,3,660,12.077676615757813
1417,11340,60.0,1885,1246,1044,1950,11,2,4,2,560,11.715874472198905
1418,16545,,1998,1310,1140,1998,7,1,3,3,1069,12.73670383776449
1419,9204,71.0,1963,1144,0,1963,6,1,3,1,336,11.728044909070785
1420,16381,,1969,1844,0,1969,7,1,3,2,540,12.314931534737134
1421,11700,90.0,1968,708,708,1968,7,1,3,2,776,12.100161978566867
1422,4043,53.0,1977,1069,0,1977,4,1,2,2,440,11.755879486687116
1423,4435,37.0,2003,848,0,2003,3,1,1,2,420,11.824087219587643
1424,19690,,1966,1575,626,1966,8,1,4,2,432,12.524420916542532
1425,9503,,1958,1344,0,1983,6,1,2,1,484,11.87757552297847
1426,10721,80.0,1959,1252,0,1959,7,1,3,2,528,11.863589378812122
1427,10944,81.0,1994,1223,904,1994,5,1,3,2,525,12.509877789891931
1428,10930,60.0,1945,1048,510,1950,6,1,3,1,288,11.849404844423074
1429,7200,60.0,1940,804,0,1992,4,1,2,1,240,11.686887175419702
1430,12546,,1981,1440,0,1981,7,1,3,2,467,12.116700301832573
1431,21930,60.0,2005,734,1104,2005,7,1,4,2,372,12.165984756488543
1432,4928,,1976,958,0,1976,5,1,2,2,440,11.87583791515714
1433,10800,60.0,1927,968,0,2007,5,1,4,1,216,11.07443600653965
1434,10261,93.0,2000,962,830,2000,8,1,3,2,451,12.136191879981927
1435,17400,80.0,1977,1126,0,1977,5,1,3,2,484,11.982935344196433
1436,8400,80.0,1962,1537,0,2005,7,1,3,2,462,12.066816325306588
1437,9000,60.0,1971,864,0,1971,5,1,3,2,528,11.699413330633599
1438,12444,96.0,2008,1932,0,2008,7,1,2,3,774,12.885673487343764
1439,7407,90.0,1957,1236,0,1996,6,1,2,2,923,11.916395250412128
1440,11584,80.0,1979,1040,685,1979,6,1,3,2,550,12.190964083849375
1441,11526,79.0,1922,1423,748,1994,11,1,3,2,672,12.160033942617156
1442,4426,,2004,848,0,2004,3,1,1,2,420,11.913719681428494
1443,11003,85.0,2008,1026,981,2008,10,1,3,3,812,12.644330802262578
1444,8854,,1916,952,0,1950,4,1,2,1,192,11.703554089007538
1445,8500,63.0,2004,1422,0,2004,7,1,3,2,626,12.098493002763465
1446,8400,70.0,1966,913,0,1966,6,1,3,1,240,11.767575435251748
1447,26142,,1962,1188,0,1962,6,1,3,1,312,11.969723533345908
1448,10000,80.0,1995,1220,870,1996,8,1,3,2,556,12.388398368982115
1449,11767,70.0,1910,796,550,2000,6,1,2,1,384,11.626263078808801
1450,1533,21.0,1970,630,0,1970,3,1,1,0,0,11.429554725537322
1451,9000,60.0,1974,896,896,1974,8,2,4,0,0,11.820417517632333
1452,9262,78.0,2008,1578,0,2009,7,1,3,3,840,12.567554517655415
1453,3675,35.0,2005,1072,0,2005,5,1,2,2,525,11.884495917930655
1454,17217,90.0,2006,1140,0,2006,6,1,3,0,0,11.344518647594766
1455,7500,62.0,2004,1221,0,2005,6,1,2,2,400,12.128116509451258
1456,7917,62.0,1999,953,694,2000,7,1,3,2,460,12.07254696717504
1457,13175,85.0,1978,2073,0,1988,7,1,3,2,500,12.25486757159303
1458,9042,66.0,1941,1188,1152,2006,9,1,4,1,252,12.493133274926212
1459,9717,68.0,1950,1078,0,1996,5,1,2,1,240,11.864469267087891
1460,9937,75.0,1965,1256,0,1965,6,1,3,1,276,11.901590234400047
